0,0.000670723748851237
1,0.0014605483767011
2,0.00149854366873603
3,0.00145977565599965
4,0.00146016468292331
5,0.00149892438094686
6,0.00149931937041688
7,0.00161998847040054
8,0.00185314758168598
9,0.0022063176646461
10,0.0255841462023464
11,0.0612716589381255
12,0.0999034663567849
13,0.145900489987435
14,-0.000356079810319654
15,0.0871615604880902
16,0.127403166201875
17,0.088586217134805
18,0.0827350288492555
19,0.081680543592972
20,0.07788209562447
21,0.10601014579804
22,0.0897974192148573
23,0.0373085652767041
24,-0.00391370661326563
25,-0.0112843712135709
26,-0.0524173233768207
27,-0.0219151699164716
28,-0.0159478248186426
29,0.0169641509454737
30,0.0442692524219691
31,0.00130139869313343
32,0.00899556375178581
33,-0.0497567617068901
34,-0.0343996574323498
35,-0.030933984959922
36,-0.0288426852864494
37,-0.0269935037746712
38,-0.0256086213628305
39,-0.0238386433802554
40,-0.0110920220252472
41,3.93985635285563e-05
42,0.00122036075829088
43,0.00149931937041688
44,0.00149931937041688
45,0.00149931830972608
46,0.00145977494522132
47,0.00149931937041688
48,0.00149931937041688
49,0.00368143968017777
50,0.024581006153826
51,0.0617179633554117
52,0.0702707664730441
53,0.0803261511740833
54,0.123424063480406
55,0.13294880841425
56,0.0895095203267516
57,0.133037382179604
58,0.160109770600709
59,0.160616886450419
60,0.12821342416123
61,0.0879962810696238
62,0.115797213190558
63,0.115757301075115
64,0.118971843107202
65,0.114838966391436
66,0.102109046164066
67,0.0810776794810237
68,0.0170461651846883
69,0.0353311229483307
70,0.0151437325692434
71,-0.00152803900964774
72,-0.00418030389804868
73,0.0228114817328759
74,0.0367991650192811
75,0.0294716812854233
76,-0.00183269575347078
77,-0.0235148288487958
78,0.00576034803953528
79,0.0179400222311394
80,0.0224485419539158
81,0.0283476223056622
82,0.0323924750592249
83,0.0514080010803639
84,0.0739661448618729
85,0.111542508938514
86,0.141391619503324
87,0.150679109592582
88,0.154285377435015
89,0.151462747527088
90,0.162747751232678
91,0.187618980890106
92,0.171860903072844
93,0.16977466979046
94,0.132365569842031
95,0.0746089144705831
96,0.0672657356781106
97,0.0291143712439225
98,-0.0724760220253479
99,-0.0498507451581226
100,-0.0465560036925083
101,-0.0279417703756981
102,-0.0244982863062857
103,-0.033370963095342
104,-0.0446766748812613
105,-0.0460147543062342
106,-0.0461614801471244
107,-0.0431867027876189
108,-0.0428490086632411
109,-0.0442945410614581
110,-0.0440703882705149
111,-0.0410381196789194
112,-0.0412692074632029
113,-0.0578586634901944
114,-0.0552707486862585
115,-0.0520007092528592
116,-0.020319757622386
117,-0.0203205441003029
118,-0.0230909159668376
119,-0.0545853165904489
120,-0.0488490289871151
121,-0.0466357066867225
122,-0.0449806541585631
123,-0.0438337048396169
124,-0.0288807029168217
125,-0.0100028688505153
126,-0.00458688493817774
127,3.3196948945975e-05
128,0.000749659981999502
129,0.00121996289841845
130,0.00149852824239513
131,0.00149853038734764
132,0.00145977416550995
133,0.00145977528448504
134,0.0014989265991119
135,0.0014601687424891
136,0.00737507831433157
137,0.0440301076329918
138,0.0760616746982179
139,0.112009905170577
140,0.158280181729419
141,0.168295851185004
142,0.196815542638684
143,0.183478073505938
144,0.174664368436726
145,0.0927736891964903
146,0.0845893738374362
147,0.0894027589009943
148,0.0657307743516057
149,0.0869031098778877
150,0.0647365623865865
151,0.0556893498357986
152,0.0491616161377874
153,0.0704494560540335
154,0.0308674948078838
155,0.0299056666490835
156,0.0726346604906088
157,0.127020881095097
158,0.0686498465475929
159,0.102108204878219
160,0.0549334147540478
161,0.107865983554399
162,0.0578915371284282
163,0.0561004679671232
164,0.0565768389594432
165,-0.00260382482493225
166,-0.031507782559948
167,0.0204244594282454
168,0.021186935017621
169,0.0127622711382139
170,0.0440907146934253
171,-0.00497981480498496
172,0.0503432479413546
173,0.0119939370695084
174,0.0262206109031342
175,0.0217611136107206
176,0.0414449590446908
177,0.0441883734099938
178,0.0225278606955388
179,0.0190166838056259
180,0.0222080675476928
181,0.0271837754840152
182,-0.0180036990008952
183,-0.000392547335355525
184,0.0507572378390868
185,-0.0766396408012038
186,0.162009427063195
187,0.0912279308275068
188,0.105105201910645
189,0.0936637073368602
190,0.042334982477592
191,0.112568439008293
192,0.0722461991705912
193,0.106176219976336
194,0.0659135315333236
195,0.0686560266951702
196,0.0753962249990865
197,0.042645744259922
198,0.0487373399633022
199,0.0118763800391694
200,0.059772010785097
201,0.0710809422534582
202,0.0223820585144339
203,0.0466303020950336
204,0.0522819163656677
205,0.114473485794299
206,0.0326244148838079
207,0.0567612745690388
208,0.0576428666445787
209,0.057995243637152
210,0.0653970796759253
211,0.0724329722213944
212,0.0941398386595318
213,0.0487655906886916
214,0.0747651625837977
215,-0.0822612543826044
216,0.016704248013302
217,0.0623766915292073
218,0.0602676381220804
219,0.019726877146573
220,0.080903031793794
221,0.0451668610391258
222,0.0318747041223781
223,0.0632446852723047
224,-0.00167334461561407
225,0.0796442390709714
226,0.0413244123010966
227,0.0448470874457321
228,0.0405981466246584
229,0.0563759811946917
230,0.00571579525511242
231,0.0491232482639332
232,0.0755937512756144
233,0.0512910344705152
234,0.0581607396314963
235,0.077773221974064
236,0.0717628417325633
237,-0.0200373400156422
238,0.0551594879784393
239,-0.0196982779746557
240,0.0801820530720938
241,0.00753748319191213
242,0.080232014066792
243,0.0323801836621084
244,0.0127435967547168
245,0.048809100136883
246,0.0422947676589185
247,0.0617847516236646
248,0.0550311048278606
249,0.0432012608216591
250,-0.00135633779518312
251,0.0420176983632954
252,0.0612323009800571
253,0.0368881593498967
254,0.00630153123751877
255,0.047384363945532
256,0.0442481211177886
257,0.0387265536999385
258,0.044983069589351
259,0.0237496744020313
260,0.0654319575517313
261,0.0638365443346938
262,0.012566318497896
263,0.0415445038409089
264,0.0452946949291888
265,0.0148903184451742
266,0.0978662937496326
267,0.0473604878688196
268,0.0125359028788662
269,0.0719855049047922
270,0.0230452781955282
271,0.0210873186755611
272,0.0268060892898351
273,0.0324388735000087
274,0.0593380808904551
275,0.0418606028439546
276,0.0415844090084067
277,0.0381710846749331
278,0.0656591261039939
279,0.0317468066453479
280,0.0360608968083829
281,0.0488116676545271
282,0.0582735454165436
283,0.0379337289398871
284,0.113559867044634
285,0.0864678593611476
286,0.0811172174934961
287,0.0719216225355075
288,0.0999637396558664
289,0.0685715442576403
290,0.110273686608708
291,0.0652098296074349
292,0.0681345724891143
293,0.107398261859432
294,0.0538503821822592
295,0.0874693625368951
296,0.0806440974114531
297,0.0753105867969702
298,0.151675931496311
299,0.161884728329206
300,0.124784160989807
301,0.0418885429520476
302,0.035429627929752
303,0.0598534658497484
304,0.0521581706636908
305,0.0962279584938759
306,0.0911273743640809
307,0.0548252866844105
308,5.44490850527311e-05
309,0.0304176971052104
310,0.033811957044142
311,0.0573209501064315
312,0.0502629157514518
313,0.0644733436259296
314,0.0607620396179866
315,0.0713395218667006
316,0.120492414602674
317,0.0999916813019084
318,0.139587967127802
319,0.161647679406309
320,0.145308545451307
321,0.206501683108439
322,0.17150631427824
323,0.161754456560831
324,-0.00409547130592974
325,-0.074450247498525
326,0.0351686028980816
327,0.128028046577605
328,0.171919659132583
329,0.108172784861441
330,0.16677143477153
331,0.112701211367936
332,0.112017224463882
333,0.0797164505353892
334,0.112057891594218
335,0.0831214985615236
336,0.01416397791423
337,0.0757145649089174
338,0.0450330144465652
339,0.0438704251284534
340,-0.00426112421581632
341,-0.0100548967098707
342,-0.0784295535061419
343,-0.0487261263084045
344,-0.0524141885459504
345,-0.0915964347687852
346,-0.023082743102413
347,0.066445314912557
348,0.010102241579201
349,0.0345890916825078
350,0.0662423496086493
351,0.0449958984731115
352,0.117216166106533
353,0.0730305818477836
354,0.114076391334947
355,0.0575631521505367
356,0.0752239834846411
357,0.0192512292080735
358,0.0448757460361336
359,0.0453325505982465
360,-0.00291958484198617
361,0.00208246415174511
362,0.0289197490210567
363,0.0255198209299648
364,0.0672294857984845
365,0.0723553443330653
366,0.0228832301037027
367,0.067947178259501
368,0.0968522741780926
369,0.0911220626696954
370,0.0821324915495812
371,0.0723549969123782
372,0.0737389840417314
373,0.0814328493030118
374,0.0353123103359617
375,0.110373726867137
376,0.0557497455868772
377,0.0548804028441673
378,0.0974952698640379
379,0.0863944049195286
380,0.0783095688289192
381,0.0755150942488309
382,0.0153467752283388
383,0.0765145265987255
384,0.0375996021255811
385,0.0242219150107902
386,0.0688907553028097
387,0.0701832190971936
388,0.0217488345621848
389,0.0279004270512786
390,0.0973819441249698
391,0.0427811517843716
392,0.0413859634990229
393,0.0833263854706413
394,0.0809373265369954
395,0.0595754674722637
396,0.0564980488823916
397,0.111222322137332
398,0.0462992958528871
399,0.0549642477837858
400,0.0441028138002838
401,0.0717298806220342
402,0.0761473308419948
403,0.0663837537979187
404,0.0229219867966049
405,0.0861279417078483
406,0.0923615052208186
407,0.0784999168250377
408,0.113351078815977
409,0.0420522078788612
410,0.0594113157277439
411,0.0463193957689242
412,0.0499487203550818
413,0.0528693788801111
414,0.112601439980017
415,0.0776854725807711
416,0.09255845773495
417,-0.00643390775159889
418,0.00770736367291568
419,0.0164455169127337
420,0.018792281942538
421,0.0629996283530019
422,0.0846996939617801
423,0.0082087720926145
424,0.112755534640409
425,0.000756351081229152
426,0.0630131969037294
427,-0.0153586903773383
428,0.0329447130601398
429,0.0144795224030383
430,0.0551961674542728
431,0.0526190128802413
432,0.018542910582387
433,0.0217446937611236
434,0.0640762310374323
435,0.0615479529880947
436,0.0545231769737408
437,0.0249857310385831
438,0.0368514962799559
439,0.00390737850065316
440,0.0684581095408614
441,0.0232360491442802
442,0.0603250241700822
443,0.0162949720681885
444,0.0608823998210751
445,0.0103765993021451
446,-0.0877858988971929
447,0.0365343819697468
448,-0.00223196013070714
449,0.0246277619375534
450,0.0543269515122908
451,0.0231256208763628
452,0.0579324764483805
453,0.0422458620094586
454,0.0654930651249736
455,0.0417805345440693
456,0.0415450182769564
457,0.0415450182769564
458,0.0619716747401426
459,0.0184982701564522
460,0.0619382592206328
461,0.0674617893750077
462,0.0181089963039635
463,0.066951701160512
464,0.0234473096071613
465,0.0664299449499017
466,0.0431219373335118
467,0.0662196982395511
468,0.0195854777559185
469,0.0181883250846221
470,-0.0211442593140165
471,-0.0454895555676158
472,-0.00217003486263035
473,-0.06326009177589
474,-0.0225283845150543
475,-0.0414664215729381
476,-0.0848648921537918
477,-0.076053890999782
478,0.00252328583174149
479,-0.0269078786936097
480,-0.0804611019677985
481,-0.0865727507046133
482,-0.0926386588043712
483,-0.0661700094761345
484,-0.0381142064497524
485,-0.0837264503472974
486,-0.0883775319960792
487,-0.0877069755249938
488,-0.0010258588537891
489,-0.0376772892389195
490,-0.0361401315992686
491,-0.028514716868904
492,-0.0166524233013953
493,-0.00513243350765865
494,0.000676581751208688
495,0.0015387098403606
496,0.00153871010186715
497,0.00153871010186715
498,0.00153871010186715
499,0.00149931937041688
500,0.00153793088003677
501,0.00153871010186715
502,0.00630126170049505
503,0.0420972656505815
504,0.0722136935848466
505,0.0990765254824186
506,0.103148067789977
507,0.0768924955425981
508,0.0227258234884385
509,-0.0178322040732812
510,-0.0294647491377593
511,-0.0371789599060887
512,-0.0777976043516913
513,-0.0614298371013691
514,-0.0293539744999946
515,0.0019737052099318
516,0.0290036487610475
517,0.0588647192906024
518,0.0789528991785293
519,0.101085538306964
520,0.0860284422017503
521,0.0473006255069655
522,0.00106992718737984
523,-0.0492753088138514
524,-0.0650060838425198
525,-0.0644965127186541
526,-0.0592604693640911
527,-0.0374026020059684
528,-0.00682556415631984
529,-0.00833307372877063
530,-0.00473944219659658
531,0.00111998640435066
532,0.0212304314005769
533,0.0470685661636373
534,0.0737424379151779
535,0.0966373006692725
536,0.104194673792759
537,0.062209325380346
538,0.0178796406345583
539,-0.0134681513694265
540,-0.0440704224288885
541,-0.0661945159615131
542,-0.0665199545915246
543,-0.0589102411867306
544,-0.0223705398542237
545,-0.0129194356027852
546,-9.11574172278494e-06
547,0.0331412703058343
548,0.0525088983691204
549,0.0642704043481006
550,0.0926880053050859
551,0.0995006021052022
552,0.111930467855129
553,0.0039454141468926
554,-0.0773282387170709
555,-0.0785141238248413
556,-0.0750026782996614
557,-0.0500782784688216
558,-0.0340985674433767
559,-0.022725358298355
560,-0.00662831107650486
561,0.000633658187772198
562,0.00153871010186715
563,0.00153871010186715
564,0.00153871010186715
565,0.00153871010186715
566,0.00153871010186715
567,0.00153871010186715
568,0.00299851277021987
569,0.022961864229316
570,0.0521084284749627
571,0.0925080713518399
572,0.114809847488213
573,0.13709066039318
574,0.166698754813089
575,0.165554674432037
576,0.170033242648626
577,0.184561167223979
578,0.167987081666196
579,0.164191035825843
580,0.0643016937062137
581,-0.000789073763756947
582,-0.00431387518865021
583,-0.0573622169892605
584,-0.0922873347974246
585,-0.0926386588043712
586,-0.0919808431842784
587,-0.0920634864916076
588,-0.0926386588043712
589,-0.0858018190654056
590,-0.0777478451203516
591,-0.0724381203007478
592,-0.0426917921542153
593,-0.0172025835643417
594,-0.0080485079759236
595,0.000581758787309742
596,0.00153795048354079
597,0.00153871010186715
598,0.00153793908059842
599,0.00153871003730036
600,0.00153871010186715
601,0.00153831823427626
602,0.00149931937041688
603,0.00149931937041688
604,0.00150009891771004
605,0.00149932036826728
606,0.00153831703098607
607,0.00153871010186715
608,0.00169894886058057
609,0.00193362529016324
610,0.00228567202778978
611,0.0270788497909019
612,0.057863945297023
613,0.102743063828459
614,0.14996423232794
615,-0.00326732169036944
616,0.0972413468627589
617,0.12529250075958
618,0.0907651243726677
619,0.0846358988791301
620,0.0836286106473486
621,0.0801681061147839
622,0.112956577766878
623,0.0892813381056277
624,0.0388508971840981
625,-0.00482449728593844
626,-0.0116777128822232
627,-0.061242938205786
628,-0.0220127273950746
629,-0.0160646975595333
630,0.0177928593172724
631,0.0411899779148409
632,0.0047486439911834
633,0.00884088907111449
634,-0.056294087986419
635,-0.0926386588043712
636,-0.0926386588043712
637,-0.0926386588043712
638,-0.0750419606194882
639,-0.0667698946603443
640,-0.0369825212287847
641,-0.0168448915328136
642,3.94054841213704e-05
643,0.00122311378063559
644,0.00153871010186715
645,0.00149931937041688
646,0.00153870868392053
647,0.00153831030879083
648,0.00149932111372023
649,0.00149931937041688
650,0.00380463137138079
651,0.0252914079509616
652,0.0636587776988506
653,0.0716584664255854
654,0.0823376717689541
655,0.132494744812692
656,0.135710038527006
657,0.0917974321967404
658,0.135168313455295
659,0.157625078598255
660,0.163783445056688
661,0.130587397125813
662,0.0906177415355953
663,0.11884209875181
664,0.11761206304973
665,0.121651848507308
666,0.116960480972492
667,0.104474078731397
668,0.0891618397790401
669,0.0179436374362279
670,0.0368500002421058
671,0.0114815258111132
672,-0.00175315474220776
673,-0.0042594395687619
674,0.0212261687142861
675,0.0415054730720495
676,0.0209274666881855
677,-0.00175019840028225
678,-0.0157537299231877
679,0.00609399519450372
680,0.0187637044906795
681,0.0230023532123231
682,0.0285970820965717
683,0.0331413557272378
684,0.0500959756111759
685,0.0770948856279439
686,0.113424481824286
687,0.144683103250866
688,0.153599850932404
689,0.157924871359943
690,0.154542485006096
691,0.175490184937114
692,0.191132203379063
693,0.170711140051687
694,0.173010033171574
695,0.134262598320741
696,0.0734630780579323
697,0.0685877240105991
698,0.029390924471037
699,-0.0685546012381609
700,-0.0505039060343849
701,-0.0478860423922446
702,-0.025140309023894
703,-0.0250906900929658
704,-0.0338120775893405
705,-0.0457938357242628
706,-0.0473846539578443
707,-0.047362290450177
708,-0.044080880080104
709,-0.0444651168481103
710,-0.0456092477295839
711,-0.0452748970974327
712,-0.0426105961336262
713,-0.0422556996214986
714,-0.0560326876895886
715,-0.073879810908611
716,-0.0591274712878725
717,-0.0207938055930627
718,-0.0207924346900478
719,-0.0233949170041754
720,-0.0925998756924202
721,-0.0926386588043712
722,-0.0740170466977198
723,-0.0556307419394019
724,-0.0502827964376852
725,-0.0293648334046876
726,-0.0192257135929999
727,-0.00489231600605603
728,3.32626744874481e-05
729,0.000707760800777706
730,0.00130188877264953
731,0.00149971639360355
732,0.00153871010186715
733,0.00149931937041688
734,0.00149931937041688
735,0.00150009865036561
736,0.00149970060339881
737,0.00761073613675077
738,0.0426101873989565
739,0.0806079885469536
740,0.114358435073207
741,0.161474749065973
742,0.171072151987153
743,0.202437098093036
744,0.182143296696471
745,0.177641658855333
746,0.0954389045858227
747,0.0867017646569554
748,0.0995026969159509
749,0.0700838611518938
750,0.0868775014264012
751,0.0653356702453394
752,0.0567256934479419
753,0.0501783011845983
754,0.0730323339710945
755,0.0328651318471089
756,0.0305377877393806
757,0.0697900115436409
758,0.129703555684264
759,0.0703756855807279
760,0.106118072884767
761,0.0611167112582862
762,0.109194970531107
763,0.0590363848465929
764,0.0572816257732292
765,0.0578727705147822
766,-0.00286723847083308
767,-0.0362584707208453
768,0.0210016403809679
769,0.0217786930572241
770,0.0126585695783383
771,0.0462427017233402
772,-0.00574560245429348
773,0.0564970069944324
774,0.0122701356100303
775,0.0210145958922955
776,0.022956933968797
777,0.0447012199960345
778,0.0452142327641813
779,0.0233022838029603
780,0.0198457294312903
781,0.0223309020943385
782,0.0278552646898986
783,-0.0210399010846296
784,-0.00209657700571707
785,0.0517567403580968
786,-0.0797473828147863
787,0.162734496975574
788,0.0911784889026303
789,0.109607671072752
790,0.102476895258696
791,0.0428075124169291
792,0.115442194852843
793,0.0706709045719038
794,0.108622854750085
795,0.0669939037460625
796,0.0701595255952626
797,0.0780242065182247
798,0.0436708156697619
799,0.0496723980514669
800,0.0123490666975481
801,0.0607435090109391
802,0.0793260361513837
803,0.0197237722336705
804,0.0480549081219978
805,0.053657304045722
806,0.112283850918902
807,0.0380778893149426
808,0.0577420350358361
809,0.0590230750774366
810,0.0593810873013765
811,0.0667658996588266
812,0.0742550743226812
813,0.0963464983142412
814,0.0521976982314486
815,0.0761509132002618
816,-0.0850829841337221
817,0.0168797526801774
818,0.0639152514083473
819,0.0620610460483811
820,0.0201609471631821
821,0.0844393244434698
822,0.0401616625850516
823,0.0269078224543673
824,0.0644777888938725
825,-0.00167408260435073
826,0.0825387104850295
827,0.0455076504150997
828,0.0457273038362716
829,0.0417301106010078
830,0.0582359974919606
831,0.00607981312073791
832,0.0489193145590693
833,0.0741215927072261
834,0.0542102878505506
835,0.0596993538840666
836,0.0740548927579422
837,0.0733841719385601
838,-0.0160913375748974
839,0.0530543671795099
840,-0.0138573513689265
841,0.0814033178962631
842,0.00835582897444718
843,0.0828105709462533
844,0.0332654623387181
845,0.0216759254597175
846,0.0496918308844837
847,0.0381917140849718
848,0.0599700684176372
849,0.0569226868612341
850,0.0439455266644501
851,-0.0020323920556459
852,0.0419556359771269
853,0.0688107175448122
854,0.0392845354895512
855,0.00607669901694508
856,0.0549229254166969
857,0.0371152282561282
858,0.0399666613105883
859,0.0462848142901254
860,0.0245959926709152
861,0.0626134675448369
862,0.0656042364708506
863,0.0159922502546147
864,0.0426512288237352
865,0.0464577014723668
866,0.0119151556066079
867,0.100276771772128
868,0.0456933415713871
869,0.0123502628085494
870,0.0689099223582129
871,0.0236739044926374
872,0.0212698724805645
873,0.0273579552249698
874,0.0335918216931637
875,0.0559433322126585
876,0.0457663842455441
877,0.0427278181656011
878,0.039196980209329
879,0.0630078727149773
880,0.0350908230748847
881,0.0369192401633308
882,0.0499555232748787
883,0.0594600573122241
884,0.0380546288590409
885,0.116716118157413
886,0.0870755326299252
887,0.0833266309327512
888,0.0740155879316942
889,0.103053597878797
890,0.0669672840949342
891,0.112728131290066
892,0.0666678753674892
893,0.0698335730866696
894,0.109642335799923
895,0.0548373000898992
896,0.0899943890993763
897,0.0829710321568619
898,0.0774920462236283
899,0.155846009467681
900,0.166811242816196
901,0.128873639399873
902,0.0431043253956355
903,0.0365375437649699
904,0.0615898556134607
905,0.054094490717808
906,0.0997395460642512
907,0.0932595885716529
908,0.0598130483685662
909,-0.00128385368455498
910,0.0326000714639736
911,0.0350369499914605
912,0.0589686135989929
913,0.0519159067335873
914,0.0661912219053222
915,0.0630220092291163
916,0.0677422943198263
917,0.129733781236652
918,0.10245834557106
919,0.143888363500516
920,0.163367690356517
921,0.146286513753435
922,0.209293501109098
923,0.177070136520436
924,0.167008220301545
925,-0.00131339355827592
926,-0.0803760651801851
927,0.0335316558733113
928,0.134114732241372
929,0.177463478813411
930,0.111812308252988
931,0.174070585025749
932,0.118131655170318
933,0.115757779337745
934,0.0821047223182226
935,0.115411293382959
936,0.0875295001810678
937,0.0171328910227693
938,0.0734687561610871
939,0.0467864708704303
940,0.0453325571219659
941,-0.00445832983564871
942,-0.0103701592548109
943,-0.0808362446399413
944,-0.0502659269289991
945,-0.0540895602873931
946,-0.0925998901503776
947,-0.0237537350815543
948,0.0699600292198288
949,0.0109697301587465
950,0.035981969243879
951,0.0699155384696747
952,0.0469633001899498
953,0.121266654841694
954,0.0778028971975685
955,0.115126409911097
956,0.059145936233597
957,0.0809989430520349
958,0.0208341461560139
959,0.0463275304299382
960,0.0468309509012628
961,-0.00301382563911787
962,0.00181470759599477
963,0.0297481941593113
964,0.0260951491978962
965,0.0693643099448304
966,0.0747501024573626
967,0.023593497933108
968,0.0701142553196153
969,0.0988079387067961
970,0.089014143356931
971,0.0848655283583765
972,0.0748346843491395
973,0.0820353155344562
974,0.0841585727387461
975,0.0353913017054556
976,0.113469442178651
977,0.058259346309295
978,0.0567347022180066
979,0.101322750568953
980,0.0948765903057402
981,0.0809582228768577
982,0.0787034559115343
983,0.0166780844858871
984,0.0800889846993155
985,0.0381625036094722
986,0.0154271074348427
987,0.0711858382990236
988,0.0726291213681969
989,0.0229625473423836
990,0.034666453368371
991,0.100457977251613
992,0.0437117966152805
993,0.0428094656136339
994,0.086211169352249
995,0.0837210942834179
996,0.0588242357282749
997,0.0584706749240384
998,0.119647805976259
999,0.0461172944653312
1000,0.0667751785150296
1001,0.0459935960078842
1002,0.0732755929923564
1003,0.0791381950048694
1004,0.076597845387357
1005,0.0237909671364566
1006,0.089016583737574
1007,0.0960592392718704
1008,0.0801702278809199
1009,0.117499253819771
1010,0.0413035579405356
1011,0.0599737707401495
1012,0.0487259519173439
1013,0.0514479158613095
1014,0.0547612757589971
1015,0.116665184466803
1016,0.0810257076164367
1017,0.0961515892726472
1018,-0.0123064450872607
1019,0.0189935936230285
1020,0.0169628887851359
1021,0.0198519406911809
1022,0.0624555050639336
1023,0.0895236354116754
1024,0.00848260327690979
1025,0.118619176998597
1026,0.00535271485188804
1027,0.0650188907822637
1028,-0.0218971078427894
1029,0.0343241608016258
1030,0.0141950017509565
1031,0.0609561929311926
1032,0.0486986297854852
1033,0.0195664090708352
1034,0.0226264021119045
1035,0.0633097763430553
1036,0.0636393217337938
1037,0.0563784143341217
1038,0.0287624926366964
1039,0.031699918688287
1040,0.00692524751450574
1041,0.0713381755751919
1042,0.0264731951869681
1043,0.0611387877916669
1044,0.0173944634268528
1045,0.0625101775837698
1046,0.0144871167748147
1047,-0.0906735021462749
1048,0.0378751159967796
1049,-0.00268292881299153
1050,0.0177543467562949
1051,0.0598593250603993
1052,0.028277872130441
1053,0.0588412615047769
1054,0.0510926270354164
1055,0.0681021027641725
1056,0.0480269806018625
1057,0.0430837283788236
1058,0.0430837283788236
1059,0.0639945015006908
1060,0.018936119551886
1061,0.0675925649947273
1062,0.0700334380526883
1063,0.0226069734468364
1064,0.0689266209283187
1065,0.0232836897547295
1066,0.0694079592979376
1067,0.0455219010397979
1068,0.0708225225932651
1069,0.0198537308273592
1070,0.0188557663915815
1071,-0.019974902610142
1072,-0.0471873144042119
1073,-0.00585801865142119
1074,-0.0633783525120066
1075,-0.0231133504777544
1076,-0.0459634147404436
1077,-0.0877058652053336
1078,-0.0784017899445016
1079,0.00274700362088015
1080,-0.027117038011808
1081,-0.0838291432600894
1082,-0.0880300887738795
1083,-0.0926386588043712
1084,-0.0639601358077161
1085,-0.033773997162253
1086,-0.0866290692533665
1087,-0.0892698969436814
1088,-0.0892916375909486
1089,-0.00153250931156987
1090,-0.0389405627886193
1091,-0.037402635897956
1092,-0.0292226483379597
1093,-0.016965685775443
1094,-0.00544392464128484
1095,0.000682841161355155
1096,0.00153871010186715
1097,0.00153910405907417
1098,0.00157810041069843
1099,0.00153910770723648
1100,0.00153871010186715
1101,0.00157810083331742
1102,0.00157849177082392
1103,0.00697113791799515
1104,0.039093344880252
1105,0.0695001773009155
1106,0.0996606605743721
1107,0.107215674717567
1108,0.0797362474881949
1109,0.0241014556382981
1110,-0.019153304503974
1111,-0.0308680674552831
1112,-0.0380114067349251
1113,-0.0805656243396818
1114,-0.0644224735997754
1115,-0.0303418469564406
1116,0.0030147149702855
1117,0.0322610261293904
1118,0.0605162792632719
1119,0.0831125426870254
1120,0.0965664815321402
1121,0.0868294873792115
1122,0.0497202228219346
1123,0.00118672906321448
1124,-0.051011249039202
1125,-0.0662251727851539
1126,-0.0668615722169682
1127,-0.061411233040038
1128,-0.0346877213802608
1129,-0.0131660263919867
1130,-0.00857021174626306
1131,-0.00481809915902006
1132,0.00131312203847172
1133,0.0136379160735558
1134,0.0473445711156805
1135,0.0765405181274968
1136,0.102855259571189
1137,0.108366131916115
1138,0.058624551561174
1139,0.0182375522316357
1140,-0.00549234369567208
1141,-0.0508537652637922
1142,-0.0707326327499463
1143,-0.0688797378884278
1144,-0.0612956551366806
1145,-0.0235963872728033
1146,-0.00501065551393081
1147,4.5316725712847e-05
1148,0.0340522692011047
1149,0.0590531484668232
1150,0.0669567390372757
1151,0.0958882987978019
1152,0.103408141673192
1153,0.115767794279981
1154,0.00363691022885059
1155,-0.0800514553121369
1156,-0.0815126169296128
1157,-0.077496259323174
1158,-0.051599009041937
1159,-0.0420581781534643
1160,-0.0143132397268017
1161,-0.00690534956899927
1162,0.000591716807031179
1163,0.00153871010186715
1164,0.00153871010186715
1165,0.00153871010186715
1166,0.00153871099710768
1167,0.00153871010186715
1168,0.00153871010186715
1169,0.0032186280769923
1170,0.0259782455573057
1171,0.0599929883179851
1172,0.096668995783599
1173,0.11678361356331
1174,0.143511488626036
1175,0.173201613063521
1176,0.1726293051478
1177,0.176027939666373
1178,0.19232605292795
1179,0.175936530171637
1180,0.171214307868502
1181,0.068744532512627
1182,-0.000749693050914466
1183,-0.00451125003811405
1184,-0.0642284797306452
1185,-0.0896622347357946
1186,-0.0926386588043712
1187,-0.0926386588043712
1188,-0.0926386588043712
1189,-0.0926386588043712
1190,-0.0874051306366301
1191,-0.0810176087185673
1192,-0.0751568350178462
1193,-0.0495191425607365
1194,-0.0181492651612599
1195,-0.00218569629524455
1196,0.00055993239581487
1197,0.00153871203701561
1198,0.00153871023100073
1199,0.00153871010186715
1200,0.00157810083331742
1201,0.00157810083331742
1202,0.00157810083331742
1203,0.00157810083331742
1204,0.00157809976021453
1205,0.00153871085733051
1206,0.00157810083331742
1207,0.00153871010186715
1208,0.00161685544968633
1209,0.0017761570397173
1210,0.00197144186691333
1211,0.00236921367976075
1212,0.024264260257605
1213,0.0656907758591485
1214,0.106721419076469
1215,0.154839566827639
1216,-0.00338872234396001
1217,0.10078032239221
1218,0.135566968555205
1219,0.0939347625203502
1220,0.0882005778417754
1221,0.0871932296459684
1222,0.0832043163288252
1223,0.117472255349189
1224,0.0961758547814552
1225,0.039293326734523
1226,-0.00565709174558092
1227,-0.0121124182107725
1228,-0.0579281848274193
1229,-0.0220163395997251
1230,-0.0165774511405277
1231,0.017911614668024
1232,0.0466581268535588
1233,0.000791771457534534
1234,0.0147768211150689
1235,-0.0597664504221122
1236,-0.0926386588043712
1237,-0.0926386588043712
1238,-0.0926386588043712
1239,-0.0752187190657392
1240,-0.0694054835963296
1241,-0.0385421449852582
1242,-0.0138724963993453
1243,0.000402891737519331
1244,0.00130189711532696
1245,0.00157810083331742
1246,0.00153871010186715
1247,0.00153871010186715
1248,0.00157810083331742
1249,0.0015391084305434
1250,0.00157770888355061
1251,0.00374513965387191
1252,0.0257224287725929
1253,0.0661147783291768
1254,0.0746999855962507
1255,0.0853351912946888
1256,0.136683990699677
1257,0.141166013985826
1258,0.0950839489753885
1259,0.141748480100494
1260,0.169124948642744
1261,0.170583169256022
1262,0.136840147439084
1263,0.089476364418882
1264,0.120531481370355
1265,0.122612362670952
1266,0.126582591621823
1267,0.113851662751828
1268,0.108577177539756
1269,0.0858403719339849
1270,0.0187119215520587
1271,0.0404402288106833
1272,0.0161400285434601
1273,-0.00183648542070712
1274,-0.00442005794533371
1275,0.0164919262402166
1276,0.0430071512353117
1277,0.0213453389221249
1278,-0.00186343204712299
1279,-0.0281696057693075
1280,0.00624922001174035
1281,0.0193717797644544
1282,0.0239090913620382
1283,0.0294800007781901
1284,0.0345229660813068
1285,0.0523080174607785
1286,0.0801703474262842
1287,0.11394395140884
1288,0.148977536664387
1289,0.165872827267562
1290,0.164522840542558
1291,0.161286039373872
1292,0.183313879324428
1293,0.201062998640821
1294,0.178489927899626
1295,0.180724522608426
1296,0.144246469222189
1297,0.0823693280361979
1298,0.071639570204131
1299,0.0345326520048138
1300,-0.0759348825314701
1301,-0.0536402809446893
1302,-0.0497347481502039
1303,-0.0301342083617496
1304,-0.0260744582052314
1305,-0.041175102127086
1306,-0.047502994992719
1307,-0.0491665474896278
1308,-0.0492928667370682
1309,-0.0459765992487749
1310,-0.0461547716134561
1311,-0.0471873245561788
1312,-0.047088041035591
1313,-0.0433870968843164
1314,-0.0434067036044254
1315,-0.067261926323307
1316,-0.0822354841206896
1317,-0.0611943507363891
1318,-0.0226872676224286
1319,-0.0215807138282026
1320,-0.024698394187844
1321,-0.0892455875916643
1322,-0.0926386588043712
1323,-0.0767393488951646
1324,-0.05764273736292
1325,-0.0521188666062858
1326,-0.0305770895499995
1327,-0.0115039576525683
1328,-0.0049078641253366
1329,4.25247618464852e-05
1330,0.000751233604194604
1331,0.00125936119426529
1332,0.00157770579021438
1333,0.00157771180067985
1334,0.00157810083331742
1335,0.00157810083331742
1336,0.00157810083331742
1337,0.00157810083331742
1338,0.00800174250377827
1339,0.0445990825819164
1340,0.0866785645408076
1341,0.123569659549321
1342,0.163426376254592
1343,0.178410607246357
1344,0.209577553579308
1345,0.190199455161096
1346,0.185546504952434
1347,0.0993294884902821
1348,0.0900210199334402
1349,0.103724304748504
1350,0.0750306892489021
1351,0.0907240352710406
1352,0.068095514275432
1353,0.0524279665212313
1354,0.052278353938962
1355,0.0760269341402358
1356,0.03260516040349
1357,0.0317999057896167
1358,0.0772507991260956
1359,0.134063584362022
1360,0.0740628964691425
1361,0.110754185334834
1362,0.0574372432524759
1363,0.115165987521742
1364,0.0609698529112278
1365,0.0597301381176546
1366,0.0602414090980916
1367,-0.00221699278855822
1368,-0.0350345153716111
1369,0.0215750252340016
1370,0.0224801284251788
1371,0.0132166547901452
1372,0.047370440741435
1373,-0.00603990854607424
1374,0.0535447773541274
1375,0.0132525604233341
1376,0.0282538647574976
1377,0.0230409018880526
1378,0.0432810151635282
1379,0.0470301678776661
1380,0.0270993909979401
1381,0.0204372448050477
1382,0.0241027229042894
1383,0.0289599111131661
1384,-0.0215543599409029
1385,-0.000235476501678923
1386,0.0538666044226274
1387,-0.0831908911130783
1388,0.170559598324052
1389,0.0954074065219984
1390,0.114145213312454
1391,0.106616414174397
1392,0.0481749683519282
1393,0.118612026283417
1394,0.0731779526091593
1395,0.112573056711812
1396,0.0735823799136687
1397,0.073463175130603
1398,0.0809136570530273
1399,0.04721179770948
1400,0.0522818843060349
1401,0.0127042060232666
1402,0.0631413950770115
1403,0.0835634492285008
1404,0.0205451524051651
1405,0.0512159896160942
1406,0.0558661043610726
1407,0.122080808862846
1408,0.0361372760141219
1409,0.0605693679909644
1410,0.0614703416910953
1411,0.0619008690251133
1412,0.0699519788858321
1413,0.0773635540653325
1414,0.098792652925053
1415,0.0520760369743754
1416,0.0794434509509539
1417,-0.0863798782379973
1418,0.0158911543972127
1419,0.0665192137293132
1420,0.0642948523368999
1421,0.0218091065395374
1422,0.0869344638600727
1423,0.0417792823341913
1424,0.0343539130944445
1425,0.0675111049658336
1426,-0.00148080168647835
1427,0.0864435574218627
1428,0.0444996532560967
1429,0.04840966480484
1430,0.0344027745371139
1431,0.0600707270166494
1432,0.00299845756148513
1433,0.0510790360742992
1434,0.0806831938981327
1435,0.0547209471816891
1436,0.0678617650272129
1437,0.0765404497785739
1438,0.0766587864326725
1439,-0.0168153494574686
1440,0.0604828739589697
1441,-0.0179631970542081
1442,0.0782768921920599
1443,0.00741658295489957
1444,0.0858602456895685
1445,0.0340861522543972
1446,0.0226468351623723
1447,0.0462700270402439
1448,0.0467344165304196
1449,0.0607047738403416
1450,0.0591270930381176
1451,0.0452140511226993
1452,-0.00166925914317588
1453,0.0444250342245474
1454,0.0700707812324924
1455,0.0393734541183473
1456,0.00848300305628994
1457,0.0570487965571034
1458,0.038428050011908
1459,0.0418218853952666
1460,0.0486467179116499
1461,0.0254070690961001
1462,0.0700840214799664
1463,0.0682947436206802
1464,0.0133831535432384
1465,0.0443086593218864
1466,0.0484118726825509
1467,0.0123490719161791
1468,0.103562359272598
1469,0.0517129924587227
1470,0.0187639231138767
1471,0.0777326008702336
1472,0.0193336028051396
1473,0.0226466361326347
1474,0.0283891095220915
1475,0.0343086583642311
1476,0.060625126362433
1477,0.0450139575158043
1478,0.0443856306716191
1479,0.0408697362436493
1480,0.0706224871581317
1481,0.0324336196879372
1482,0.0387069757623689
1483,0.0519340295344484
1484,0.0622188762446202
1485,0.0444885388472872
1486,0.121557525929024
1487,0.0907361467355894
1488,0.0868773388440462
1489,0.0771323346253162
1490,0.106900248911711
1491,0.0675530496130287
1492,0.117500936477796
1493,0.0698580936542178
1494,0.0726318913200405
1495,0.115047516736208
1496,0.058305935406216
1497,0.0936636031003027
1498,0.0810729576321113
1499,0.0807157741599975
1500,0.162230423391835
1501,0.179515343574317
1502,0.134575416676374
1503,0.0431144522554327
1504,0.0376665567467445
1505,0.063850247330667
1506,0.049155678860204
1507,0.100171690307987
1508,0.0972820133984948
1509,0.0625820749591314
1510,-0.00115692051822768
1511,0.0323910639659905
1512,0.0363809632073054
1513,0.0606009602951747
1514,0.0539332421448321
1515,0.0691626582275678
1516,0.0655479513281967
1517,0.0765101663098858
1518,0.13498686247509
1519,0.110615029947735
1520,0.150051382338113
1521,0.164286239091802
1522,0.153111178678843
1523,0.223309212075955
1524,0.185078920469529
1525,0.168028097571544
1526,-0.00445613788457008
1527,-0.0847386493657201
1528,0.0393354412536532
1529,0.139500920723621
1530,0.184790861879581
1531,0.117403743937945
1532,0.182632137759601
1533,0.125899204732384
1534,0.120865902828901
1535,0.0856947135749236
1536,0.116665267645172
1537,0.0925485632856015
1538,0.0160019191035948
1539,0.0820436077254131
1540,0.0485949375576026
1541,0.0472657883410377
1542,-0.00473338237830179
1543,-0.0108499090948168
1544,-0.0833421374512799
1545,-0.0521979743866061
1546,-0.0561828103939889
1547,-0.0885654942635225
1548,-0.0246604881919016
1549,0.0728019276134282
1550,0.0108507022423404
1551,0.0371332443364715
1552,0.0684917722964234
1553,0.0454094954361916
1554,0.126030522566742
1555,0.0782290759980799
1556,0.122491719570119
1557,0.0577158760592973
1558,0.0867228161566262
1559,0.0254890700358732
1560,0.048165868540271
1561,0.0487641779875798
1562,-0.0026417664599348
1563,0.00191088431120462
1564,0.0310107040871212
1565,0.0271360919887984
1566,0.072200607788205
1567,0.0777965450787841
1568,0.0250993135661824
1569,0.0691544668410389
1570,0.10452243869176
1571,0.0985162894673216
1572,0.0883759259711598
1573,0.0713721395454856
1574,0.0866821342084999
1575,0.0877004190125186
1576,0.0403654749591282
1577,0.118731858179317
1578,0.0601280150434026
1579,0.0591020079414394
1580,0.105032839584893
1581,0.0992194085855049
1582,0.0775254257088686
1583,0.0819765318292952
1584,0.017773372633727
1585,0.083611198333547
1586,0.0389015077006945
1587,0.0155848084754892
1588,0.0727304108301054
1589,0.0756725268926163
1590,0.0228832294252251
1591,0.0302611655806513
1592,0.104522819278349
1593,0.0455298144539175
1594,0.0445454751850724
1595,0.0865895959938437
1596,0.0873662324304445
1597,0.0613096976927414
1598,0.0609167621103717
1599,0.12377383060075
1600,0.048083863275514
1601,0.0678759660296804
1602,0.0491033770841518
1603,0.0772972290665608
1604,0.0826559533118831
1605,0.0729501855630598
1606,0.0252740893501463
1607,0.0928828383189823
1608,0.100173448451515
1609,0.0861729174841008
1610,0.122464871908035
1611,0.0432746569089546
1612,0.0653751795525727
1613,0.0569716654223783
1614,0.0538546293470416
1615,0.05709102809242
1616,0.120949726503266
1617,0.0845580202995026
1618,0.0981405972375889
1619,-0.00674084263200299
1620,0.00903534582136819
1621,0.0176457888604126
1622,0.0209535717997475
1623,0.0684526029962249
1624,0.0933115298508178
1625,0.0108103218521127
1626,0.12347413410472
1627,0.000828623878018788
1628,0.0676628212203203
1629,-0.0183859250568024
1630,0.035470303767656
1631,0.0238338011094938
1632,0.0597028224784451
1633,0.0568406437593475
1634,0.0206624901943041
1635,0.0234172068784671
1636,0.0685764796421476
1637,0.0662802234825635
1638,0.05919366141307
1639,0.0304304887624509
1640,0.0342443059223408
1641,0.004578604895746
1642,0.0741791133990216
1643,0.0255878495066057
1644,0.066558780765607
1645,0.0181332849071649
1646,0.0660045010265808
1647,0.0102579643634766
1648,-0.0926748761504131
1649,0.0413905794349533
1650,-0.0026495864195715
1651,0.0247420186385652
1652,0.0630073148591989
1653,0.0256014582013821
1654,0.0630899152144
1655,0.0446586716029459
1656,0.0659669679087169
1657,0.0469996251290781
1658,0.0448197010848554
1659,0.0447801558799484
1660,0.0663768591003659
1661,0.0236003090803558
1662,0.0711803938687695
1663,0.0729451266032182
1664,0.0196070001095469
1665,0.0712019850286872
1666,0.0195687655149685
1667,0.0721215124022111
1668,0.0466325008109449
1669,0.0709604732826349
1670,0.0206587385104621
1671,0.0196112991200451
1672,-0.00965209420056319
1673,-0.0483529802005443
1674,-0.00294365114165802
1675,-0.0688020151949366
1676,-0.0241863316375123
1677,-0.0473076286295776
1678,-0.0878130517391896
1679,-0.0815583701953952
1680,0.0019491519086516
1681,-0.0284138509344745
1682,-0.0832270369057339
1683,-0.0891736310966626
1684,-0.0926386588043712
1685,-0.0667887858571687
1686,-0.0353143831700933
1687,-0.0903094056209309
1688,-0.0909220933022386
1689,-0.0910141698105869
1690,-0.000950056273188126
1691,-0.0403613074621375
1692,-0.0387366084611165
1693,-0.030497481919336
1694,-0.0179052037004642
1695,-0.0052109083069839
1696,0.000655131630410397
1697,0.00161764603822436
1698,0.00161764603822436
1699,0.00161764603822436
1700,0.00161764498604245
1701,0.00157810083331742
1702,0.00161764603822436
1703,0.00165703676967462
1704,0.00710170712154652
1705,0.0451004717099551
1706,0.0760432224897636
1707,0.106210172932073
1708,0.11098915563647
1709,0.0827681125344227
1710,0.0288179072999884
1711,-0.0251579212684159
1712,-0.031629457841629
1713,-0.0394209285522199
1714,-0.0830492936622731
1715,-0.0732110653845141
1716,-0.0317201062735956
1717,0.0030770962095726
1718,0.031761999402886
1719,0.063165706931787
1720,0.0862069831450751
1721,0.108698308859455
1722,0.0885716278153137
1723,0.0561778692556241
1724,0.00126367467670318
1725,-0.0529476202651619
1726,-0.0626637730961624
1727,-0.0689937507187479
1728,-0.0637504157345492
1729,-0.0400460391860808
1730,-0.00758291523925307
1731,-0.0088863696326217
1732,-0.0047492851113321
1733,0.00121035015753489
1734,0.0215498899649474
1735,0.0507784076100671
1736,0.0793023522871994
1737,0.104896505952721
1738,0.111849753245745
1739,0.0608339816115434
1740,0.0185039094837447
1741,-0.00611507460985473
1742,-0.051889850150771
1743,-0.0732643295644146
1744,-0.0711589579199311
1745,-0.0634819452756821
1746,-0.0258570234059714
1747,-0.0136657168525751
1748,4.52633026369623e-05
1749,0.0348729641919258
1750,0.0609256495730439
1751,0.0684809032815486
1752,0.0999007064002583
1753,0.106767314622043
1754,0.120809237344504
1755,0.00495778618477598
1756,-0.0781831275337107
1757,-0.0844717193066721
1758,-0.0805239256920244
1759,-0.0548493326103585
1760,-0.0418879630361433
1761,-0.0142420162275952
1762,-0.0069057017485607
1763,0.000521162341353711
1764,0.00161764603822436
1765,0.00157849543976021
1766,0.00157810083331742
1767,0.00157810083331742
1768,0.00157810083331742
1769,0.00157849093063765
1770,0.00324516204089634
1771,0.0247334561293945
1772,0.062495033338826
1773,0.0999367663944286
1774,0.124007917908131
1775,0.149676101547812
1776,0.179711009537188
1777,0.179111111676777
1778,0.184373695735571
1779,0.205723758574425
1780,0.186656468673416
1781,0.178532770422717
1782,0.0697834717713564
1783,-0.000758433839345618
1784,-0.0047740077781902
1785,-0.0671906743118111
1786,-0.0917958458646518
1787,-0.0926386588043712
1788,-0.0926386588043712
1789,-0.0926386588043712
1790,-0.0926386588043712
1791,-0.0888086146881025
1792,-0.0833935147437679
1793,-0.0774501480299387
1794,-0.0458852624118179
1795,-0.018385823133008
1796,-0.0087374135692475
1797,0.00068734139658048
1798,0.00161764603822436
1799,0.00157810083331742
1800,0.00161764603822436
1801,0.00161764603822436
1802,0.00161764603822436
1803,0.00161764603822436
1804,0.00161764603822436
1805,0.00161764603822436
1806,0.00161764603822436
1807,0.00161764603822436
1808,0.00161764596312216
1809,0.00165703676967462
1810,0.00181490934767476
1811,0.002051558822127
1812,0.00244844854219249
1813,0.0296705942011104
1814,0.0673872246087944
1815,0.110299553858117
1816,0.160158452179349
1817,-0.00194402767415274
1818,0.103173575113139
1819,0.14087789893626
1820,0.104514010903081
1821,0.0915330966843252
1822,0.0905545906679614
1823,0.0863252492100865
1824,0.121745642905992
1825,0.0966946282819692
1826,0.0413306766657493
1827,-0.00523472865653104
1828,-0.0125468839019002
1829,-0.0649293142847157
1830,-0.0228447677768774
1831,-0.0174386773801768
1832,0.0185529567991386
1833,0.0490826129464851
1834,0.000948906253232855
1835,0.0160972455435925
1836,-0.0617784276843634
1837,-0.0923223868497609
1838,-0.0926386588043712
1839,-0.0926386588043712
1840,-0.0846687942732216
1841,-0.0717714248326062
1842,-0.0394160113331205
1843,-0.0172724282904286
1844,0.000394542242375977
1845,0.00129917878262949
1846,0.00161764603822436
1847,0.00157810083331742
1848,0.00157810083331742
1849,0.00161764603822436
1850,0.00161724975235446
1851,0.00161764603822436
1852,0.00395939424573945
1853,0.0261484630395224
1854,0.0689297855096509
1855,0.0836848350465618
1856,0.0889556850783885
1857,0.1429020489981
1858,0.146815479830266
1859,0.103132323979688
1860,0.14771539996943
1861,0.176810449743499
1862,0.177779323560394
1863,0.143399034283796
1864,0.0932236162278571
1865,0.128528321516606
1866,0.127899820422477
1867,0.132053498565206
1868,0.122198832211215
1869,0.113232810854857
1870,0.0967430383240015
1871,0.0197506334533381
1872,0.0388519809225617
1873,0.0147951533005015
1874,-0.00183368713390719
1875,-0.00461727556805462
1876,0.0183720164324856
1877,0.0408541385065855
1878,0.0234269247003537
1879,-0.00236998495693795
1880,-0.0290791736151788
1881,0.00640611494962237
1882,0.019917969474595
1883,0.0248950156530427
1884,0.030576764704279
1885,0.0359417849854026
1886,0.0482068726753934
1887,0.0832845307940181
1888,0.123727376591349
1889,0.157380486139588
1890,0.173699742147716
1891,0.171918310793746
1892,0.16878372101295
1893,0.191593851497271
1894,0.203230058020294
1895,0.189300043657325
1896,0.189471288598043
1897,0.14716311894772
1898,0.0806831489074637
1899,0.0748108371529607
1900,0.0328585886051709
1901,-0.0804593135052344
1902,-0.0547243351206059
1903,-0.0516774101606803
1904,-0.0295717635389179
1905,-0.0272207326744917
1906,-0.0438207332815567
1907,-0.0491332509450849
1908,-0.0512116860276354
1909,-0.0513967898802954
1910,-0.0478260680396479
1911,-0.0478975958693217
1912,-0.0494779485628913
1913,-0.048863976106505
1914,-0.0457835584650772
1915,-0.0453970806359331
1916,-0.0690139482027726
1917,-0.0800706391348618
1918,-0.065480462417468
1919,-0.0224107669042511
1920,-0.0224494684878665
1921,-0.0255727991974351
1922,-0.0919923837005854
1923,-0.0926386588043712
1924,-0.0859648743656813
1925,-0.0598139078392257
1926,-0.0541355282105067
1927,-0.0309576824023617
1928,-0.0120268916338739
1929,-0.00514717804953663
1930,-1.22215732629248e-05
1931,0.000751610693689605
1932,0.00138279963642671
1933,0.00165703676967462
1934,0.00165664479460295
1935,0.00165703492071653
1936,0.00161764603822436
1937,0.00165703676967462
1938,0.00165627094136534
1939,0.00776564235807485
1940,0.0431690179356061
1941,0.090032546298673
1942,0.128553685886566
1943,0.174775416950508
1944,0.186501259239475
1945,0.220438312882631
1946,0.198637857663893
1947,0.194011658029531
1948,0.103817949485977
1949,0.0942947618137715
1950,0.108061406367746
1951,0.0766678493115484
1952,0.0944346007282225
1953,0.0713967160050813
1954,0.05615576839185
1955,0.054529921201771
1956,0.0788263434876656
1957,0.0336522343157863
1958,0.0331417460471057
1959,0.0802097575984061
1960,0.13887691625254
1961,0.0764617043588191
1962,0.115507800771302
1963,0.0611513040158606
1964,0.119988516261429
1965,0.0631678588486856
1966,0.0623739176425697
1967,0.0629684684648082
1968,-0.00242513555696664
1969,-0.0394136533309439
1970,0.0270259022476894
1971,0.023531761633857
1972,0.013133522404144
1973,0.0496831661842503
1974,-0.00636845477218179
1975,0.0555905355499128
1976,0.0139186847156389
1977,0.0229622364212369
1978,0.024461715777434
1979,0.0429710451297444
1980,0.0491224529088699
1981,0.0250532753611606
1982,0.0212857250678454
1983,0.0250887602351418
1984,0.030222437377976
1985,-0.0213449359303756
1986,-0.00356528007969021
1987,0.0585677925794693
1988,-0.0867397781967361
1989,0.179972430141647
1990,0.0996999349652129
1991,0.119548833557932
1992,0.106314916461637
1993,0.0469762780119114
1994,0.125305684743158
1995,0.077124620970231
1996,0.118329533240126
1997,0.0745090645738877
1998,0.0764975590299372
1999,0.0845841337843319
2000,0.0475786400798037
2001,0.0546536768112108
2002,0.0153080726889803
2003,0.0664798211320967
2004,0.0847526128280628
2005,0.0209461008486364
2006,0.0481748324813883
2007,0.0585160898655606
2008,0.126312665167407
2009,0.0371635424312823
2010,0.0633310480669521
2011,0.0642683857901979
2012,0.0647391520503033
2013,0.0730283955082448
2014,0.0809542289755004
2015,0.102290939739104
2016,0.0545252630755692
2017,0.0828383137087108
2018,-0.0914548835877857
2019,0.00484988441560699
2020,0.0695228661765211
2021,0.06702688488701
2022,0.0228310137914983
2023,0.0915417290487804
2024,0.0442873840345945
2025,0.0356632413459371
2026,0.0705870431194213
2027,0.000219407687894018
2028,0.0901615876325595
2029,0.0435176374647636
2030,0.056458080647843
2031,0.037243979830866
2032,0.0583516057459666
2033,0.0015356072435561
2034,0.0547217507458465
2035,0.0838727216700915
2036,0.057366224799374
2037,0.0704846385077006
2038,0.0796345756030783
2039,0.0740550298191479
2040,-0.00958747204877492
2041,0.0623290665379124
2042,-0.00837781205352408
2043,0.0894387024222694
2044,0.0140159507733577
2045,0.087570605857418
2046,0.0362213051862535
2047,0.0239708128510672
2048,0.0542929534474941
2049,0.0476956109717322
2050,0.0689709067415926
2051,0.0621655630875348
2052,0.0418988133474632
2053,-0.0024431020984859
2054,0.0469087633059572
2055,0.0750807472379898
2056,0.0421307355249962
2057,0.00674662821996264
2058,0.0596926943730266
2059,0.0436903167591107
2060,0.0436195053044086
2061,0.050620828225068
2062,0.0267819776972085
2063,0.0681766115689955
2064,0.0713687028503851
2065,0.0135311164742937
2066,0.0429111659474713
2067,0.0505064964088827
2068,0.0170834730778557
2069,0.109156771425032
2070,0.0496765534251627
2071,0.014511194497747
2072,0.0813721061201974
2073,0.0217117951215186
2074,0.0235540448155543
2075,0.0299060478359921
2076,0.0359170967111749
2077,0.0634419500150956
2078,0.0489090214706162
2079,0.0465161285859803
2080,0.0430049127738833
2081,0.0740155005044964
2082,0.0335763686481716
2083,0.0406438331752499
2084,0.0543328057039474
2085,0.0648986940057781
2086,0.0411885949957461
2087,0.125060316622743
2088,0.0972145595834058
2089,0.0910135281539633
2090,0.0811466634112206
2091,0.112529218825342
2092,0.0704325515869526
2093,0.123136941205573
2094,0.0741361640231019
2095,0.0761800785776717
2096,0.120238831972469
2097,0.0597738104039841
2098,0.0982503601123915
2099,0.091260982655817
2100,0.0846681480729216
2101,0.16762009776982
2102,0.188914364380012
2103,0.141126634765773
2104,0.0453757343027509
2105,0.0394657626332042
2106,0.0671495225427759
2107,0.0524710404527758
2108,0.108665235582954
2109,0.0960307130822248
2110,0.0617603236269867
2111,-3.48673875303294e-05
2112,0.0338905413431472
2113,0.038033634147611
2114,0.0602395146457711
2115,0.0561975179384198
2116,0.0724033777362048
2117,0.0687414443363701
2118,0.0810459187614077
2119,0.141697631566736
2120,0.112433664654254
2121,0.157628472820602
2122,0.178567086293854
2123,0.16092096356603
2124,0.234171052448108
2125,0.195245332011718
2126,0.183824543932012
2127,-0.00445775578816645
2128,-0.0878277052796262
2129,0.0362587141837362
2130,0.14725728163291
2131,0.195113027888574
2132,0.123041281529298
2133,0.191095214943824
2134,0.128488700240691
2135,0.12708562450849
2136,0.0945046864992706
2137,0.12684802497258
2138,0.0912915252672524
2139,0.0207525702508813
2140,0.0803120301264852
2141,0.0509823161913891
2142,0.0495245777345074
2143,-0.00481137974708574
2144,-0.0113094450303734
2145,-0.0872052597935968
2146,-0.0582739659823024
2147,-0.0582441126768906
2148,-0.0926386588043712
2149,-0.0271031632972835
2150,0.075988322988868
2151,0.0113232133206572
2152,0.0347606734922467
2153,0.0762249282707004
2154,0.047579782191618
2155,0.131325611689895
2156,0.0816242358286006
2157,0.124950561937552
2158,0.0603665101005723
2159,0.0902393081918271
2160,0.0218156565312791
2161,0.0476879129761366
2162,0.051133438605383
2163,-0.00339313879352721
2164,0.00199168140832685
2165,0.031814482155292
2166,0.0283341695093671
2167,0.0756437489312194
2168,0.081382445380739
2169,0.0264275062691942
2170,0.0754028691644425
2171,0.109731216606657
2172,0.103365647229144
2173,0.0929488421676933
2174,0.0760670202855049
2175,0.0835022711073034
2176,0.0920065722940449
2177,0.0393546092700668
2178,0.124477117193478
2179,0.0632395144129719
2180,0.0620215562724593
2181,0.110715522040756
2182,0.104316354585179
2183,0.081586210197249
2184,0.0857931142086688
2185,0.0180116922425472
2186,0.0877441547461298
2187,0.0417842430261559
2188,0.0211052422472482
2189,0.0771974534130848
2190,0.0793766358604966
2191,0.0250614491557328
2192,0.0379867508334146
2193,0.108859382171484
2194,0.0484785760117488
2195,0.0467517718651189
2196,0.0932295465576549
2197,0.09168917427888
2198,0.0643867374390247
2199,0.0639152457018719
2200,0.129157341309008
2201,0.0501797854266126
2202,0.0724768174282447
2203,0.0496749405425526
2204,0.0811628255789352
2205,0.0869454856302792
2206,0.0822084735220345
2207,0.0260376428126246
2208,0.097843403429955
2209,0.105166706512703
2210,0.0856535550381516
2211,0.128627038427849
2212,0.045248466764014
2213,0.0644601975765994
2214,0.0600094581373781
2215,0.0557508987328137
2216,0.0598530852261426
2217,0.126869123741502
2218,0.0884556680161917
2219,0.104130281596891
2220,-0.00748385308021558
2221,0.0212881209007364
2222,0.0185004368092959
2223,0.0218803258545326
2224,0.0686499396973074
2225,0.096030267056069
2226,0.0105197430975762
2227,0.129411150126323
2228,0.0008754127419449
2229,0.0708653016575538
2230,-0.02227273753182
2231,0.0325068047424246
2232,0.0142042407266961
2233,0.0664008867502427
2234,0.0521921875786344
2235,0.0209887563795813
2236,0.0245626185074258
2237,0.0723190809143587
2238,0.0695564079078096
2239,0.0618657947456572
2240,0.0302261633704628
2241,0.0416007378440401
2242,0.00445905247028857
2243,0.0772508271045885
2244,0.0263126896399204
2245,0.0699560669775813
2246,0.02308043758658
2247,0.0685762999350136
2248,0.0107709687296319
2249,-0.0926776580837629
2250,0.0453325992574527
2251,-0.00266768078925468
2252,0.0191621579398729
2253,0.0659667653715283
2254,0.026536760907605
2255,0.0656417538655241
2256,0.0468838509948035
2257,0.0742523041538209
2258,0.0505888399864167
2259,0.0469106537943096
2260,0.0469106537943096
2261,0.0752386204213108
2262,0.0200041655562477
2263,0.0746182467868109
2264,0.076407403541362
2265,0.0215417500905705
2266,0.0710243553171243
2267,0.0227387022762339
2268,0.0756331416026707
2269,0.0493982214780532
2270,0.0733358456942498
2271,0.0217093564626873
2272,0.0205582462775012
2273,-0.0219355125151894
2274,-0.0494463949270174
2275,-0.00213128092129181
2276,-0.0701923085252086
2277,-0.0251686193697171
2278,-0.0499865645425184
2279,-0.0920120866788848
2280,-0.0782768750065214
2281,0.0022912858651622
2282,-0.0297708505692438
2283,-0.0910146539630038
2284,-0.0911493878271157
2285,-0.0926386588043712
2286,-0.0737724404705017
2287,-0.041466292573752
2288,-0.0906943293794855
2289,-0.0926386588043712
2290,-0.0926386588043712
2291,-0.00114418663110353
2292,-0.0418859298875184
2293,-0.0406505826861482
2294,-0.0265480099995377
2295,-0.0133690602176342
2296,-0.0054466991176592
2297,0.00075638436330346
2298,0.00165703676967462
2299,0.00169658097831236
2300,0.00165742940096251
2301,0.00165743387463353
2302,0.00169658197458156
2303,0.00169658197458156
2304,0.00173521633287641
2305,0.0076182795277238
2306,0.0468763467295218
2307,0.0806582172516971
2308,0.111929547165132
2309,0.117138927106651
2310,0.0874703809113818
2311,0.0296693379581353
2312,-0.0199418345252005
2313,-0.0387047172115805
2314,-0.0416586413197841
2315,-0.0872681358600768
2316,-0.0767027531123405
2317,-0.0334517923502132
2318,0.00326624206044269
2319,0.0390987871644662
2320,0.0660190284285983
2321,0.0930902905409478
2322,0.114186562192795
2323,0.0931049479778954
2324,0.0534179258353501
2325,0.00134258687660815
2326,-0.0553504251012139
2327,-0.0728429118372431
2328,-0.0722802354964592
2329,-0.0665959593456744
2330,-0.043210184251063
2331,-0.00761538312991662
2332,-0.00935063721878497
2333,-0.00500345565194008
2334,0.00128850264820899
2335,0.0229597934869483
2336,0.0529068020703257
2337,0.0828415455957836
2338,0.111939120901882
2339,0.118036192095794
2340,0.0638294013624834
2341,0.0193711168408982
2342,-0.00634213902327943
2343,-0.0499057825286436
2344,-0.0766182793770362
2345,-0.0743711926360736
2346,-0.0605228543988068
2347,-0.0253653760161159
2348,-0.00830402277845978
2349,-6.78470053417092e-05
2350,0.0372050905837446
2351,0.0598247775346133
2352,0.0781738254740647
2353,0.104479780054478
2354,0.111694237586177
2355,0.132610750557423
2356,0.00643355599083668
2357,-0.0856693217148567
2358,-0.087871234443235
2359,-0.0839981430915256
2360,-0.0575251185152637
2361,-0.0359404547838115
2362,-0.0174393182327572
2363,-0.00706226284922586
2364,0.000638933066410556
2365,0.00165703676967462
2366,0.00165703676967462
2367,0.00165703676967462
2368,0.00169658197458156
2369,0.00169657996516176
2370,0.00169658180294439
2371,0.00339790920940012
2372,0.0287244523183111
2373,0.065373929404643
2374,0.104881984573509
2375,0.127001522781205
2376,0.154769743287071
2377,0.189023076121622
2378,0.188294164679564
2379,0.193339129053236
2380,0.218185871469748
2381,0.191873986082186
2382,0.187169229176941
2383,0.0729385683700124
2384,-0.00083808142408327
2385,-0.00477402622739897
2386,-0.0695651134989391
2387,-0.0872344851301351
2388,-0.0926386588043712
2389,-0.0926386588043712
2390,-0.0926386588043712
2391,-0.0926386588043712
2392,-0.090970915689516
2393,-0.0870755405170033
2394,-0.0810012576471291
2395,-0.051763912748006
2396,-0.0229806887391592
2397,-0.00156342229410155
2398,0.000674882037180923
2399,0.00165703676967462
2400,0.00165743544505657
2401,0.00169658103530017
2402,0.00169618936079581
2403,0.00169618485194447
2404,0.00165703826319037
2405,0.00165743487955957
2406,0.00165703676967462
2407,0.0016957983280365
2408,0.00165779586512192
2409,0.00165782013035144
2410,0.00173597270603183
2411,0.0019340071097903
2412,0.00216988499595782
2413,0.00256457386409042
2414,0.0308127963773696
2415,0.0712589616455416
2416,0.114995279495583
2417,0.1695334308396
2418,-0.00249136681133027
2419,0.108054456644684
2420,0.147566088634727
2421,0.102376859435822
2422,0.0960758612938627
2423,0.0945314612020321
2424,0.0905394739595714
2425,0.12519928259002
2426,0.104829012380445
2427,0.0435838381660931
2428,-0.00532658041825929
2429,-0.0130973654686991
2430,-0.065023551457087
2431,-0.0237920865876259
2432,-0.0179347404943024
2433,0.0188984350956341
2434,0.0507043864513852
2435,0.00106525011479716
2436,0.0103976196409752
2437,-0.0647444439383074
2438,-0.0925982682640425
2439,-0.0926386588043712
2440,-0.0926386588043712
2441,-0.0868758965278729
2442,-0.0744155531493049
2443,-0.0417783471014818
2444,-0.0137681857133172
2445,0.000342485294356462
2446,0.00137769656201618
2447,0.00169658197458156
2448,0.00169658197458156
2449,0.00169658197458156
2450,0.00169658197458156
2451,0.00169658197458156
2452,0.00169658197458156
2453,0.00403947871298886
2454,0.0277872699227762
2455,0.0715355202425354
2456,0.0874337702223479
2457,0.0927560392314683
2458,0.149552704462027
2459,0.153778597201126
2460,0.103559307661765
2461,0.154698691765617
2462,0.185520102232462
2463,0.186472394842029
2464,0.148852387025994
2465,0.0985913044707177
2466,0.131262548454952
2467,0.133975995859739
2468,0.137785096268617
2469,0.132446987751759
2470,0.118146923188807
2471,0.090428282096816
2472,0.0202748326747334
2473,0.0436318237546594
2474,0.0130197947904438
2475,-0.00195261562796452
2476,-0.0048145392678366
2477,0.0235891047011316
2478,0.0466322530730906
2479,0.0252582154554513
2480,-0.00232784694422488
2481,-0.0302484356366247
2482,0.00674689359945194
2483,0.0210252900194646
2484,0.0259598983094053
2485,0.0323822731437171
2486,0.0374413460135486
2487,0.060734006564434
2488,0.0865528727373164
2489,0.12933784093652
2490,0.164265520171843
2491,0.175412190904009
2492,0.179976865239775
2493,0.176518795660788
2494,0.200383549343775
2495,0.219548720441546
2496,0.195928131951161
2497,0.198532199617892
2498,0.158169694959319
2499,0.0843053274772183
2500,0.0779214723485973
2501,0.0334154194226214
2502,-0.0837077040094132
2503,-0.0581380236665699
2504,-0.0537366244503902
2505,-0.0295729913829645
2506,-0.0282856543183267
2507,-0.0456758782818912
2508,-0.0514428653568465
2509,-0.0532238292129053
2510,-0.0531996916244686
2511,-0.0496828499559588
2512,-0.050011610041634
2513,-0.0516247422171888
2514,-0.0508815446404816
2515,-0.0471297470579636
2516,-0.0467831362135542
2517,-0.0733849264931535
2518,-0.0915731400366979
2519,-0.0660485088087421
2520,-0.0234365638701107
2521,-0.023398764363453
2522,-0.0263948820805784
2523,-0.0918880909790369
2524,-0.0926386588043712
2525,-0.0869136305670538
2526,-0.0657075541024355
2527,-0.0561435666119041
2528,-0.0318789971835159
2529,-0.0209032841724901
2530,-0.00561834858340162
2531,3.23797696434754e-05
2532,0.000792854579133866
2533,0.0013739384142186
2534,0.00169658197458156
2535,0.00165743446287758
2536,0.00169579266741235
2537,0.00165780566416581
2538,0.00165703676967462
2539,0.00165781347656947
2540,0.00852098663679485
2541,0.0505798700795333
2542,0.0939853923756932
2543,0.134419429189103
2544,0.183997844292896
2545,0.194877365715375
2546,0.231199673843706
2547,0.210250464357889
2548,0.203463778030071
2549,0.107985201555911
2550,0.0983892767368613
2551,0.111470544854464
2552,0.0764382258669019
2553,0.0969715166979018
2554,0.0798806988655682
2555,0.0581947707298185
2556,0.0568060584882401
2557,0.0826613829637187
2558,0.0360296203757937
2559,0.0345221915164719
2560,0.0832040616489977
2561,0.147847087682148
2562,0.0795686667132025
2563,0.120343862731766
2564,0.0626870858129588
2565,0.125553084618772
2566,0.0658824851833692
2567,0.0649735513524043
2568,0.0655688947696827
2569,-0.00251772236705855
2570,-0.0400350368893867
2571,0.0280122166321242
2572,0.0243825633156428
2573,0.0136565894840844
2574,0.0517913428032873
2575,-0.00608385672383738
2576,0.0622255926608062
2577,0.0174741202903872
2578,0.0296694458193644
2579,0.0261037030179168
2580,0.0501540083801908
2581,0.0511670016905696
2582,0.0263711755703461
2583,0.0223869476866886
2584,0.0258425066791439
2585,0.0314447714291906
2586,-0.023601137306318
2587,-0.00370157729112221
2588,0.0597931395646297
2589,-0.0870536724977444
2590,0.185858498255035
2591,0.103763809118795
2592,0.119840293477572
2593,0.116562601745967
2594,0.0485686601317346
2595,0.124535444012196
2596,0.0799341299008033
2597,0.120204887111809
2598,0.0762643400145015
2599,0.0800361622726977
2600,0.088337366567785
2601,0.0495486947863995
2602,0.0627516611898701
2603,0.0143012900176757
2604,0.0690940509771398
2605,0.0920579776013104
2606,0.0213825480164586
2607,0.0559055788885404
2608,0.0605858413610034
2609,0.132150252204804
2610,0.0390440628223186
2611,0.0654839557411029
2612,0.0669138916724733
2613,0.0673454927360896
2614,0.08278950330379
2615,0.084267785486177
2616,0.109292773970251
2617,0.0578265238563919
2618,0.0865319857528741
2619,-0.0909049814663635
2620,0.00694251118975467
2621,0.0724768085466685
2622,0.0697917308290174
2623,0.0232348505799381
2624,0.0955024994465571
2625,0.0465123670792003
2626,0.0368726793943408
2627,0.0696300616344249
2628,-0.00203048586162209
2629,0.0939294203011813
2630,0.0452929911024896
2631,0.0520915141786954
2632,0.0385748867594058
2633,0.0658122611218247
2634,0.000907391544787001
2635,0.0562218191428743
2636,0.0820210163057598
2637,0.0596910446957151
2638,0.0741776362908517
2639,0.0903127979849366
2640,0.0770540321266354
2641,-0.0195302792923294
2642,0.0654624919466246
2643,-0.0161150202604925
2644,0.0925374425962882
2645,0.00865442589137137
2646,0.0936625661641737
2647,0.0370078089315084
2648,0.0147557680012705
2649,0.0534601411209694
2650,0.0429652467967558
2651,0.0713595277585757
2652,0.0581944750217693
2653,0.049894405770447
2654,-0.00234823105902729
2655,0.0482936253399139
2656,0.0777086168967946
2657,0.0431237873598927
2658,0.00907433857630727
2659,0.0613943499969317
2660,0.045332439863227
2661,0.0452960945371364
2662,0.0526930829213246
2663,0.0330121549909159
2664,0.0766174224762226
2665,0.074363509628975
2666,0.0140448777429674
2667,0.0446294560976015
2668,0.0525773297159017
2669,0.0134537112350183
2670,0.113212031604951
2671,0.0563886847531682
2672,0.0150638244269486
2673,0.084628627103082
2674,0.0212624937971062
2675,0.0244291295163774
2676,0.0310700968376212
2677,0.0377398516587825
2678,0.0690139426419299
2679,0.0521312192045013
2680,0.0483310372283693
2681,0.0443463385155788
2682,0.0768562718503399
2683,0.0377186133569266
2684,0.0421436539184613
2685,0.0621080242847056
2686,0.0674662510521002
2687,0.042606358330279
2688,0.13222874198389
2689,0.0992213779421766
2690,0.0948413004810125
2691,0.0774855101543211
2692,0.116981306485372
2693,0.0728669777916727
2694,0.128263227369056
2695,0.0797757118910211
2696,0.0790656235613753
2697,0.124303661872716
2698,0.0638369678266152
2699,0.10204111827437
2700,0.094581500960527
2701,0.088181866733805
2702,0.178354415513258
2703,0.190719891010762
2704,0.15053523733959
2705,0.0472153575825781
2706,0.0411624153811137
2707,0.0665580953255907
2708,0.0619191085696674
2709,0.110446512455095
2710,0.1011485339445
2711,0.0640339641538372
2712,-2.32116881443481e-05
2713,0.0359425744566704
2714,0.0395556976070209
2715,0.0656310277329972
2716,0.0584918871090337
2717,0.0724021416653917
2718,0.0713722801391491
2719,0.0756703545740438
2720,0.144400040899527
2721,0.121389267263928
2722,0.163854148916305
2723,0.188656696248044
2724,0.169888655870631
2725,0.245239496681238
2726,0.206013526548633
2727,0.187049378938831
2728,-0.00159266676250213
2729,-0.0921460648708905
2730,0.0423932191953008
2731,0.153940099612782
2732,0.200248929807854
2733,0.131149834953558
2734,0.2014563369112
2735,0.139817873599389
2736,0.132965488548136
2737,0.09477075888689
2738,0.130395359992807
2739,0.0957085361293174
2740,0.0203186644261531
2741,0.0883444638839352
2742,0.052830220080626
2743,0.0516451047352552
2744,-0.00521244266709593
2745,-0.0117222270120007
2746,-0.0913668278015635
2747,-0.0580419672514312
2748,-0.0605297556009155
2749,-0.0925613060618975
2750,-0.0269090408835042
2751,0.0786967693175326
2752,0.0115608074837902
2753,0.0351534968328076
2754,0.0789472177293579
2755,0.0493579898072071
2756,0.136008617236663
2757,0.0849062600546566
2758,0.134222184950631
2759,0.0628351568817519
2760,0.0940914828406237
2761,0.0241453417278659
2762,0.0521247622303242
2763,0.0531040847660588
2764,-0.00349242562064207
2765,0.00236298892934258
2766,0.0336542121286231
2767,0.0295365252940932
2768,0.0780023763881712
2769,0.084931687938481
2770,0.0268634829559746
2771,0.0793475913710642
2772,0.113181900897526
2773,0.107486586649189
2774,0.0967773416830874
2775,0.0851672396060996
2776,0.0943342865178363
2777,0.0957593423660907
2778,0.0433992968690398
2779,0.128657009563224
2780,0.0659274088645613
2781,0.0645071886636995
2782,0.115174648748454
2783,0.102448284916477
2784,0.092400907165712
2785,0.0896151297347652
2786,0.0183460266396019
2787,0.0876603065585834
2788,0.0425313189105213
2789,0.0170046072745695
2790,0.0806505773151803
2791,0.0826184066416847
2792,0.0253978343017568
2793,0.0334570128196651
2794,0.114650652836874
2795,0.0512521141941576
2796,0.0486072404005665
2797,0.0978988830624598
2798,0.0952417576924652
2799,0.0670298909562171
2800,0.0665192054367966
2801,0.135813815305069
2802,0.053329075807033
2803,0.0756642723095997
2804,0.0514459206129323
2805,0.0843511010997377
2806,0.0907045447160788
2807,0.0858519913031014
2808,0.0270247341323133
2809,0.100462811008465
2810,0.109393299537176
2811,0.0890872183123618
2812,0.13404389847367
2813,0.0484497087838455
2814,0.0709274918486747
2815,0.062474693669107
2816,0.0587331614543725
2817,0.0623382997156632
2818,0.13289334558659
2819,0.0928818091862175
2820,0.109917982824634
2821,-0.0144580565460172
2822,0.0194894396125738
2823,0.0192535601214841
2824,0.0226316085938799
2825,0.0739642274904389
2826,0.100593997967583
2827,0.0106296063741818
2828,0.132866187992363
2829,0.00130669147250058
2830,0.0724098923802011
2831,-0.0241084044017796
2832,0.0379505902615133
2833,0.01503745570765
2834,0.0688865263760062
2835,0.0612212031035162
2836,0.0217390482126849
2837,0.025525997459344
2838,0.0737901003790439
2839,0.0719939136700143
2840,0.0644701085358719
2841,0.0288002643382506
2842,0.0432520502123437
2843,0.00461765034969032
2844,0.0805227975087813
2845,0.0272595798820709
2846,0.0725938899290832
2847,0.0192897980873234
2848,0.0717377446640094
2849,0.0140635745150128
2850,-0.0876589590939943
2851,0.0455299226078953
2852,-0.0027866252496373
2853,0.0205950677040789
2854,0.0683736611065564
2855,0.0274538777677375
2856,0.068496227734589
2857,0.0516590892595965
2858,0.076760880965824
2859,0.0523164963779638
2860,0.0487263420072392
2861,0.0487649531681489
2862,0.0775493535558702
2863,0.0245122882722182
2864,0.0772293433452165
2865,0.0794996087781701
2866,0.0219766252968044
2867,0.0732310337264046
2868,0.0225963646101562
2869,0.0784737614061942
2870,0.0569572587670489
2871,0.0756705811860016
2872,0.022939496622464
2873,0.0213425542651081
2874,-0.0181158881509714
2875,-0.0530659502735037
2876,-0.00220982969797146
2877,-0.074450148138385
2878,-0.0297606999159563
2879,-0.0512339811953629
2880,-0.0925613033863937
2881,-0.0856615248129155
2882,0.00297765790898976
2883,-0.0296684015009358
2884,-0.0925983273403079
2885,-0.0922791495909091
2886,-0.0926386588043712
2887,-0.071333724541264
2888,-0.0376018925142049
2889,-0.0926386588043712
2890,-0.0926386588043712
2891,-0.0926386588043712
2892,-0.00110595558340351
2893,-0.0435970415562668
2894,-0.0417552268616147
2895,-0.0332541283733468
2896,-0.0192496383391409
2897,-0.00605506401973409
2898,0.000678642295445292
2899,0.00173597270603183
2900,0.0017753634374821
2901,0.00173672931622582
2902,0.00173636863546081
2903,0.0017753634374821
2904,0.00173597270603183
2905,0.0017753634374821
2906,0.00776945679191449
2907,0.0438695122806876
2908,0.0841551389394149
2909,0.109552637577328
2910,0.120531681321844
2911,0.0898716551036696
2912,0.0266313694307426
2913,-0.0221725920984141
2914,-0.0338744327811625
2915,-0.042728885620191
2916,-0.0897584766834863
2917,-0.0706448937821617
2918,-0.0338139653544994
2919,0.00337832854926553
2920,0.0403257613322019
2921,0.068334119076905
2922,0.0925553640130601
2923,0.116823053515474
2924,0.0961850486051227
2925,0.0551959814287043
2926,0.00134303340327735
2927,-0.0570508881322851
2928,-0.0770929079093815
2929,-0.0746079717915364
2930,-0.0684917029583044
2931,-0.0429847827430535
2932,-0.0079689756531913
2933,-0.00968470052227125
2934,-0.00505534646367354
2935,0.0014687600823697
2936,0.0247443389783079
2937,0.0529713275623982
2938,0.0858517280130748
2939,0.115727249360677
2940,0.12211000457597
2941,0.0661249125278225
2942,0.0200414259172394
2943,-0.00668032586997045
2944,-0.055998612298773
2945,-0.0751316593927488
2946,-0.0765807406800369
2947,-0.0691632246654987
2948,-0.0276583028458462
2949,-0.00834808941588426
2950,3.92877057048001e-05
2951,0.0384296305401856
2952,0.0658881182483696
2953,0.0751294855932796
2954,0.108340348418525
2955,0.116191931532867
2956,0.130985845183298
2957,0.00746383841119885
2958,-0.089403350547415
2959,-0.0899745804088981
2960,-0.0861322127415769
2961,-0.0566267545708933
2962,-0.0458190653602104
2963,-0.015739498796655
2964,-0.00791407296382572
2965,0.00065048732531754
2966,0.00173597446107459
2967,0.00173597270603183
2968,0.00173597270603183
2969,0.00177419462507796
2970,0.00173636261229613
2971,0.0017749706424773
2972,0.00345460288732271
2973,0.029708802971169
2974,0.0675837020197867
2975,0.108323736265463
2976,0.134387540775868
2977,0.160643903897233
2978,0.196460694630006
2979,0.196392922489933
2980,0.201845291258271
2981,0.226734500182926
2982,0.201214956382114
2983,0.196914530318875
2984,0.0766845234012817
2985,0.00124268216555011
2986,-0.00512901803874142
2987,-0.071782502070825
2988,-0.0903597384070706
2989,-0.0926386588043712
2990,-0.0926386588043712
2991,-0.0926386588043712
2992,-0.0926386588043712
2993,-0.0924413961649422
2994,-0.0897039459209044
2995,-0.0836179922359569
2996,-0.0514189256435596
2997,-0.0196884215849618
2998,-0.00914298127798453
2999,0.000687163518229017
3000,0.00173597270603183
3001,0.00173597270603183
3002,0.00173597270603183
3003,0.00177497735488312
3004,0.00173675355877538
3005,0.00173597270603183
3006,0.00177498266041141
3007,0.00173597270603183
3008,0.00173597270603183
3009,0.00173675969303197
3010,0.00177460598636555
3011,0.0017753634374821
3012,0.00197108981610068
3013,0.00221022613304704
3014,0.00264532057937853
3015,0.027258134629231
3016,0.0741492051274119
3017,0.11906130148341
3018,0.1766746167583
3019,-0.00398495985126601
3020,0.113035616775508
3021,0.153712375277827
3022,0.107183202469069
3023,0.0993238886133605
3024,0.0985228234252343
3025,0.0943687309592743
3026,0.133214224934992
3027,0.111537587542058
3028,0.0457833875391516
3029,-0.00579647372960024
3030,-0.0136109666349353
3031,-0.070861470008764
3032,-0.0246211028592398
3033,-0.0186262975341819
3034,0.0187703775291505
3035,0.0531076533597063
3036,0.00457654230290876
3037,0.0103761917961421
3038,-0.0668565325703291
3039,-0.0911509415697775
3040,-0.0926386588043712
3041,-0.0926386588043712
3042,-0.087706662846821
3043,-0.0772909706931609
3044,-0.0460875554975199
3045,-0.0149406076542089
3046,0.000394555315293003
3047,0.00141685148426854
3048,0.00177497377529057
3049,0.0017753634374821
3050,0.00173597270603183
3051,0.00177498354930606
3052,0.0017753634374821
3053,0.0017753634374821
3054,0.00433990539655478
3055,0.0269776271891648
3056,0.0739062902988458
3057,0.0838004210976944
3058,0.0964132483398953
3059,0.155460078595301
3060,0.160301287989491
3061,0.111814039605296
3062,0.161341794806247
3063,0.194270329965734
3064,0.195842080150254
3065,0.157139990342239
3066,0.10322637958923
3067,0.14002148855315
3068,0.140810080225251
3069,0.145433929122789
3070,0.134429326318419
3071,0.124806229543984
3072,0.095356425535043
3073,0.0224557112056717
3074,0.0412796067879782
3075,0.0136905172972946
3076,-0.00175848440706093
3077,-0.00504784963706606
3078,0.0183110601988784
3079,0.044464692028641
3080,0.0274206122760399
3081,-0.0020094370234614
3082,-0.0268289435881581
3083,0.0182276059526703
3084,0.0218515159969011
3085,0.0270267006307718
3086,0.0332982412420206
3087,0.0390194472225274
3088,0.0633348612171066
3089,0.0876265422737037
3090,0.134770509089522
3091,0.172660649752107
3092,0.190970648898477
3093,0.190169704729331
3094,0.187168534261712
3095,0.210692530112945
3096,0.233744733689677
3097,0.214270323047193
3098,0.212360251377258
3099,0.165045200017385
3100,0.0919785777239742
3101,0.082942211318073
3102,0.0353911460772528
3103,-0.0882591251359109
3104,-0.0593408633366743
3105,-0.0562165199355298
3106,-0.0292757913279478
3107,-0.0294723072674129
3108,-0.0395109826061509
3109,-0.0535354156421582
3110,-0.055060649853701
3111,-0.0553697478714888
3112,-0.0512115997581873
3113,-0.0518428429762279
3114,-0.0530265186334097
3115,-0.0527285812352824
3116,-0.0489363055498736
3117,-0.0488838420680219
3118,-0.0748519791282967
3119,-0.0845769354966396
3120,-0.0684531627040732
3121,-0.0245385443577528
3122,-0.0241499921272189
3123,-0.0273825045335962
3124,-0.0925995021724412
3125,-0.0926386588043712
3126,-0.0888510746276462
3127,-0.0641131299870642
3128,-0.0582946903072706
3129,-0.0419136878858744
3130,-0.0142630392412421
3131,-0.00542822761208389
3132,4.33574121809667e-05
3133,0.000830569820217219
3134,0.00145210935543954
3135,0.0017753634374821
3136,0.00173675284399081
3137,0.00177496859394913
3138,0.00173597270603183
3139,0.0017753634374821
3140,0.00173597270603183
3141,0.00867973184338135
3142,0.0522764550900509
3143,0.0972139952216186
3144,0.138457951491061
3145,0.19103563167795
3146,0.203072553703553
3147,0.241877510854795
3148,0.221494091837745
3149,0.214185949755523
3150,0.116547708358849
3151,0.103558722654855
3152,0.118755690604931
3153,0.0808230022777534
3154,0.105823099895804
3155,0.078111165029218
3156,0.060167427386036
3157,0.0596498616403476
3158,0.0864978992889227
3159,0.036847581575014
3160,0.0362186190175968
3161,0.0849648938305048
3162,0.15480710359875
3163,0.08468445762266
3164,0.127248509187185
3165,0.066236826731239
3166,0.131736551441641
3167,0.0694703002633476
3168,0.068528214230403
3169,0.0691255443069639
3170,-0.00331436966808583
3171,-0.0428078070033741
3172,0.029275502922094
3173,0.0257386233233014
3174,0.0149527602823897
3175,0.0546831456376861
3176,-0.00593848025739464
3177,0.0666452430608702
3178,0.0145202352666941
3179,0.0331413653978853
3180,0.0263929078371099
3181,0.0527920566383147
3182,0.0535763602829203
3183,0.0325648928575588
3184,0.0233550196415901
3185,0.0271050803910403
3186,0.0329045451705074
3187,-0.0202084625438013
3188,-0.000432101434665864
3189,0.0617489189991027
3190,-0.0892436891022651
3191,0.194501322084817
3192,0.111049800754623
3193,0.131189703709461
3194,0.114803018236383
3195,0.051911001162121
3196,0.13858062553999
3197,0.0845419515770354
3198,0.130177532117225
3199,0.0807140797452661
3200,0.0841944969467462
3201,0.0932128646693297
3202,0.0534305448021664
3203,0.0666432218670497
3204,0.0147175023909615
3205,0.0721683635296865
3206,0.0965828416534349
3207,0.0235502040502729
3208,0.0529545691800402
3209,0.0642646844784186
3210,0.140310496888276
3211,0.0422451211320859
3212,0.0697605743080054
3213,0.070742392746239
3214,0.0712932097273561
3215,0.0880239531939682
3216,0.0893105136527265
3217,0.1136267857424
3218,0.0635995530095167
3219,0.0916788788868105
3220,-0.0925597245449289
3221,0.0185093546705487
3222,0.0757245851744927
3223,0.0736603510781903
3224,0.0241063484749582
3225,0.100975048447375
3226,0.0482482244965156
3227,0.039398409471987
3228,0.0772957172831515
3229,-0.00129723799523096
3230,0.0992245131877068
3231,0.0496535602494993
3232,0.0550775703827217
3233,0.0434532468996713
3234,0.0689133642862417
3235,0.000907397072779262
3236,0.0587279689194939
3237,0.0927560860821059
3238,0.0632051280412562
3239,0.0765575233663192
3240,0.0959393940462341
3241,0.0817445687091878
3242,-0.0219873247545384
3243,0.0691317923059319
3244,-0.0187758971758098
3245,0.0963406931246436
3246,0.00932684405888532
3247,0.0986893210133859
3248,0.0406179220879386
3249,0.0155843636228362
3250,0.0595798157782814
3251,0.0522020953707293
3252,0.0757190296870947
3253,0.0686117497246052
3254,0.0535209487043362
3255,-0.00246948856740254
3256,0.0508615295318519
3257,0.0824191742129717
3258,0.0454907779610746
3259,0.00771830607046249
3260,0.0620542984061557
3261,0.0442657077312905
3262,0.0480154632765538
3263,0.0555495392933936
3264,0.0329679254421106
3265,0.0809267859508441
3266,0.0787891450298387
3267,0.0155020972109963
3268,0.0501471717345639
3269,0.055772953039554
3270,0.014361239823389
3271,0.117958805352741
3272,0.0539334552020742
3273,0.0163084448562461
3274,0.0862762750830626
3275,0.0232542643169681
3276,0.0259211150444279
3277,0.0329256122023458
3278,0.0400119296740977
3279,0.0686841166142276
3280,0.0524661077075363
3281,0.0512115898064752
3282,0.0471079781442384
3283,0.0768958002989053
3284,0.0375674178856921
3285,0.0502333130287217
3286,0.0658650073845668
3287,0.0717169650683893
3288,0.0455653131274919
3289,0.140531266590474
3290,0.10705161166002
3291,0.101412183453093
3292,0.0830898742585363
3293,0.12480353872124
3294,0.0824979762611013
3295,0.137772151861621
3296,0.0817321452683258
3297,0.084539556544246
3298,0.134237242877737
3299,0.07072097010468
3300,0.108034832269741
3301,0.102195276028447
3302,0.0947349609026775
3303,0.191903824823059
3304,0.20814599838501
3305,0.161512362582819
3306,0.0515848382668365
3307,0.0444249086541459
3308,0.0694779088819507
3309,0.0586972252973448
3310,0.121517753606322
3311,0.107114174528804
3312,0.0737109849421595
3313,-0.00138092132393971
3314,0.0377573291194639
3315,0.0418613435066545
3316,0.0715229252927836
3317,0.0630870795115751
3318,0.0806208549138484
3319,0.0768269511510071
3320,0.0890008686661363
3321,0.158052860540169
3322,0.128195676402594
3323,0.176885038864992
3324,0.205528408022219
3325,0.189583146591917
3326,0.269177
3327,0.229426765519537
3328,0.21556839482619
3329,-0.00541241987761897
3330,-0.0907755952768996
3331,0.0456087777256329
3332,0.166753562680892
3333,0.224768994158906
3334,0.145154090350053
3335,0.221888955502445
3336,0.151172304262327
3337,0.147431071157806
3338,0.107827555175998
3339,0.146399518390731
3340,0.106043483604443
3341,0.0198875273446313
3342,0.0973012213908862
3343,0.0589242792892002
3344,0.0564980389731219
3345,-0.00414970985453091
3346,-0.0127476941580851
3347,-0.0922077295018751
3348,-0.0604045420949978
3349,-0.0649016564614562
3350,-0.0923927070924675
3351,-0.0298482480634362
3352,0.0827253951087626
3353,0.0133192917516833
3354,0.0397460859275204
3355,0.0804536259286094
3356,0.0539445485328816
3357,0.149282084041324
3358,0.0939803866541891
3359,0.147005340142996
3360,0.0734222581899397
3361,0.10336918785543
3362,0.026677912492285
3363,0.055156704227847
3364,0.0579972135093453
3365,-0.00309839662965066
3366,0.00226907129181986
3367,0.0329700454502806
3368,0.0325960589546482
3369,0.0853374901826626
3370,0.092874635700437
3371,0.0319209676334283
3372,0.0871142576111729
3373,0.125029921940226
3374,0.112561986119246
3375,0.106722776216051
3376,0.0876543757743627
3377,0.0961229190464627
3378,0.106333389728726
3379,0.0476313142454223
3380,0.143056773367546
3381,0.0754884267121585
3382,0.0714510794878268
3383,0.127806059881628
3384,0.121745448793415
3385,0.0948866985510755
3386,0.099488902582694
3387,0.0201578830970133
3388,0.0984711122994887
3389,0.0486531557215056
3390,0.0216207052522938
3391,0.0886240237883189
3392,0.0920390484178601
3393,0.027733221847187
3394,0.043051273427384
3395,0.127000243411939
3396,0.0555827121263537
3397,0.0540148002480299
3398,0.108745204286907
3399,0.107204935525449
3400,0.0751959111226271
3401,0.0743310826139398
3402,0.151985373694547
3403,0.0594450357693172
3404,0.079538202572663
3405,0.0577944178205778
3406,0.0944203722354564
3407,0.10202795074083
3408,0.0970791714214044
3409,0.0304544763686761
3410,0.113823484601782
3411,0.124630072278493
3412,0.102264653650102
3413,0.151786102138308
3414,0.0542776098745748
3415,0.0778426999729001
3416,-0
3417,-0
3418,-0
3419,-0
3420,-0
3421,-0
3422,-0
3423,-0
3424,-0
3425,-0
3426,-0
3427,-0
3428,-0
3429,-0
3430,-0
3431,-0
3432,-0
3433,-0
3434,-0
3435,-0
3436,-0
3437,-0
3438,-0
3439,-0
3440,-0
3441,-0
3442,-0
3443,-0
3444,-0
3445,-0
3446,-0
3447,-0
3448,-0
3449,-0
3450,-0
3451,-0
3452,-0
3453,-0
3454,-0
3455,-0
3456,-0
3457,-0
3458,-0
3459,-0
3460,-0
3461,-0
3462,-0
3463,-0
3464,-0
3465,-0
3466,-0
3467,-0
3468,-0
3469,-0
3470,-0
3471,-0
3472,-0
3473,-0
3474,-0
3475,-0
3476,-0
3477,-0
3478,-0
3479,-0
3480,-0
3481,-0
3482,-0
3483,-0
3484,-0
3485,-0
3486,-0
3487,-0
3488,-0
3489,-0
3490,-0
3491,-0
3492,-0
3493,-0
3494,-0
3495,-0
3496,-0
3497,-0
3498,-0
3499,-0
3500,-0
3501,-0
3502,-0
3503,-0
3504,-0
3505,-0
3506,-0
3507,-0
3508,-0
3509,-0
3510,-0
3511,-0
3512,-0
3513,-0
3514,-0
3515,-0
3516,-0
3517,-0
3518,-0
3519,-0
3520,-0
3521,-0
3522,-0
3523,-0
3524,-0
3525,-0
3526,-0
3527,-0
3528,-0
3529,-0
3530,-0
3531,-0
3532,-0
3533,-0
3534,-0
3535,-0
3536,-0
3537,-0
3538,-0
3539,-0
3540,-0
3541,-0
3542,-0
3543,-0
3544,-0
3545,-0
3546,-0
3547,-0
3548,-0
3549,-0
3550,-0
3551,-0
3552,-0
3553,-0
3554,-0
3555,-0
3556,-0
3557,-0
3558,-0
3559,-0
3560,-0
3561,-0
3562,-0
3563,-0
3564,-0
3565,-0
3566,-0
3567,-0
3568,-0
3569,-0
3570,-0
3571,-0
3572,-0
3573,-0
3574,-0
3575,-0
3576,-0
3577,-0
3578,-0
3579,-0
3580,-0
3581,-0
3582,-0
3583,-0
3584,-0
3585,-0
3586,-0
3587,-0
3588,-0
3589,-0
3590,-0
3591,-0
3592,-0
3593,-0
3594,-0
3595,-0
3596,-0
3597,-0
3598,-0
3599,-0
3600,-0
3601,-0
3602,-0
3603,-0
3604,-0
3605,-0
3606,-0
3607,-0
3608,-0
3609,-0
3610,-0
3611,-0
3612,-0
3613,-0
3614,-0
3615,-0
3616,-0
3617,-0
3618,-0
3619,-0
3620,-0
3621,-0
3622,-0
3623,-0
3624,-0
3625,-0
3626,-0
3627,-0
3628,-0
3629,-0
3630,-0
3631,-0
3632,-0
3633,-0
3634,-0
3635,-0
3636,-0
3637,-0
3638,-0
3639,-0
3640,-0
3641,-0
3642,-0
3643,-0
3644,-0
3645,-0
3646,-0
3647,-0
3648,-0
3649,-0
3650,-0
3651,-0
3652,-0
3653,-0
3654,-0
3655,-0
3656,-0
3657,-0
3658,-0
3659,-0
3660,-0
3661,-0
3662,-0
3663,-0
3664,-0
3665,-0
3666,-0
3667,-0
3668,-0
3669,-0
3670,-0
3671,-0
3672,-0
3673,-0
3674,-0
3675,-0
3676,-0
3677,-0
3678,-0
3679,-0
3680,-0
3681,-0
3682,-0
3683,-0
3684,-0
3685,-0
3686,-0
3687,-0
3688,-0
3689,-0
3690,-0
3691,-0
3692,-0
3693,-0
3694,-0
3695,-0
3696,-0
3697,-0
3698,-0
3699,-0
3700,-0
3701,-0
3702,-0
3703,-0
3704,-0
3705,-0
3706,-0
3707,-0
3708,-0
3709,-0
3710,-0
3711,-0
3712,-0
3713,-0
3714,-0
3715,-0
3716,-0
3717,-0
3718,-0
3719,-0
3720,-0
3721,-0
3722,-0
3723,-0
3724,-0
3725,-0
3726,-0
3727,-0
3728,-0
3729,-0
3730,-0
3731,-0
3732,-0
3733,-0
3734,-0
3735,-0
3736,-0
3737,-0
3738,-0
3739,-0
3740,-0
3741,-0
3742,-0
3743,-0
3744,-0
3745,-0
3746,-0
3747,-0
3748,-0
3749,-0
3750,-0
3751,-0
3752,-0
3753,-0
3754,-0
3755,-0
3756,-0
3757,-0
3758,-0
3759,-0
3760,-0
3761,-0
3762,-0
3763,-0
3764,-0
3765,-0
3766,-0
3767,-0
3768,-0
3769,-0
3770,-0
3771,-0
3772,-0
3773,-0
3774,-0
3775,-0
3776,-0
3777,-0
3778,-0
3779,-0
3780,-0
3781,-0
3782,-0
3783,-0
3784,-0
3785,-0
3786,-0
3787,-0
3788,-0
3789,-0
3790,-0
3791,-0
3792,-0
3793,-0
3794,-0
3795,-0
3796,-0
3797,-0
3798,-0
3799,-0
3800,-0
3801,-0
3802,-0
3803,-0
3804,-0
3805,-0
3806,-0
3807,-0
3808,-0
3809,-0
3810,-0
3811,-0
3812,-0
3813,-0
3814,-0
3815,-0
3816,-0
3817,-0
3818,-0
3819,-0
3820,-0
3821,-0
3822,-0
3823,-0
3824,-0
3825,-0
3826,-0
3827,-0
3828,-0
3829,-0
3830,-0
3831,-0
3832,-0
3833,-0
3834,-0
3835,-0
3836,-0
3837,-0
3838,-0
3839,-0
3840,-0
3841,-0
3842,-0
3843,-0
3844,-0
3845,-0
3846,-0
3847,-0
3848,-0
3849,-0
3850,-0
3851,-0
3852,-0
3853,-0
3854,-0
3855,-0
3856,-0
3857,-0
3858,-0
3859,-0
3860,-0
3861,-0
3862,-0
3863,-0
3864,-0
3865,-0
3866,-0
3867,-0
3868,-0
3869,-0
3870,-0
3871,-0
3872,-0
3873,-0
3874,-0
3875,-0
3876,-0
3877,-0
3878,-0
3879,-0
3880,-0
3881,-0
3882,-0
3883,-0
3884,-0
3885,-0
3886,-0
3887,-0
3888,-0
3889,-0
3890,-0
3891,-0
3892,-0
3893,-0
3894,-0
3895,-0
3896,-0
3897,-0
3898,-0
3899,-0
3900,-0
3901,-0
3902,-0
3903,-0
3904,-0
3905,-0
3906,-0
3907,-0
3908,-0
3909,-0
3910,-0
3911,-0
3912,-0
3913,-0
3914,-0
3915,-0
3916,-0
3917,-0
3918,-0
3919,-0
3920,-0
3921,-0
3922,-0
3923,-0
3924,-0
3925,-0
3926,-0
3927,-0
3928,-0
3929,-0
3930,-0
3931,-0
3932,-0
3933,-0
3934,-0
3935,-0
3936,-0
3937,-0
3938,-0
3939,-0
3940,-0
3941,-0
3942,-0
3943,-0
3944,-0
3945,-0
3946,-0
3947,-0
3948,-0
3949,-0
3950,-0
3951,-0
3952,-0
3953,-0
3954,-0
3955,-0
3956,-0
3957,-0
3958,-0
3959,-0
3960,-0
3961,-0
3962,-0
3963,-0
3964,-0
3965,-0
3966,-0
3967,-0
3968,-0
3969,-0
3970,-0
3971,-0
3972,-0
3973,-0
3974,-0
3975,-0
3976,-0
3977,-0
3978,-0
3979,-0
3980,-0
3981,-0
3982,-0
3983,-0
3984,-0
3985,-0
3986,-0
3987,-0
3988,-0
3989,-0
3990,-0
3991,-0
3992,-0
3993,-0
3994,-0
3995,-0
3996,-0
3997,-0
3998,-0
3999,-0
4000,-0
4001,-0
4002,-0
4003,-0
4004,-0
4005,-0
4006,-0
4007,-0
4008,-0
4009,-0
4010,-0
4011,-0
4012,-0
4013,-0
4014,-0
4015,-0
